target,ra,dec,BJD,RV_mlc_nzp,e_RV_mlc_nzp,RV_drs_nzp,e_RV_drs_nzp,RV_mlc,e_RV_mlc,RV_drs,e_RV_drs,RV_mlc_j,e_RV_mlc_j,CRX,e_CRX,dLW,e_dLW,Halpha,e_Halpha,NaD1,e_NaD1,NaD2,e_NaD2,f_RV,FWHM_DRS,CONTRAST_DRS,BIS,RVGUESS,SNR_DRS,BJD_DRS,BERV,BERV_DRS,DRIFT,e_DRIFT,SA,NZP_mlc,dNZP_mlc,NZP_drs,dNZP_drs,TMMEAN,EXPTIME,MLCRX,E_MLCRX,TIMEID,DRIFT_LAMP,MASK,PROGID,PROGPI,AIRMASS,OBHAB,THAR_FP,DPR_TYPE,RHKp,dRHKp,sourceflag,vsinflag,metflag
HD110014,189.811484,-7.99359,2454622.6020695,198.142141,0.930321,-18434.416668,1.02045,203.055588,0.363181,-18432.295804,0.28059,203.055588,0.363181,16.812743,4.030131,58.637193,1.286143,0.492334,0.00039,0.10412,0.000309,0.165097,0.000429,0,8.173423,56.086891,0.106635,-19.7,197.5,2454622.60206,-26.083803,-26.083564,0,-9999999,0,1.766538,0.856503,2.120864,0.981115,0.5,60,16.789159,4.031662,2008-06-05T02:22:35.840,-9999999,K5,081.C-0802(B),UNKNOWN,-9999999,HARPS_ech_obs_all,HARPS_ech_obs_objA,STAR_NONE_K2III,-9999999,-9999999,-9999999,-9999999,-9999999
HD110014,189.811484,-7.99359,2454623.66521,212.184292,0.979468,-18419.70262,1.055195,217.077905,0.475163,-18417.700388,0.388424,217.077905,0.475163,13.596801,4.554616,49.511238,1.311216,0.492213,0.000538,0.106212,0.000433,0.16084,0.0006,0,8.167606,56.10651,0.105095,-19.7,142.1,2454623.66531,-26.448636,-26.448626,0,-9999999,0.000042,1.746704,0.856492,2.00219,0.981103,0.43,100,13.574272,4.550595,2008-06-06T03:53:26.151,-9999999,K5,081.C-0802(B),UNKNOWN,-9999999,HARPS_ech_obs_all,HARPS_ech_obs_objA,STAR_NONE_K2III,-9999999,-9999999,-9999999,-9999999,-9999999
HD110014,189.811484,-7.99359,2454623.6676446,213.105771,0.984662,-18418.434105,1.058428,217.998619,0.485779,-18416.436448,0.397123,217.998619,0.485779,13.742529,5.409925,50.65282,1.537547,0.492478,0.000546,0.10845,0.000446,0.16118,0.000612,0,8.170859,56.101465,0.102592,-19.7,139.3,2454623.66775,-26.452865,-26.452871,0,-9999999,0.000042,1.745939,0.856492,1.997615,0.981103,0.46,100,13.719153,5.404518,2008-06-06T03:56:53.521,-9999999,K5,081.C-0802(B),UNKNOWN,-9999999,HARPS_ech_obs_all,HARPS_ech_obs_objA,STAR_NONE_K2III,-9999999,-9999999,-9999999,-9999999,-9999999
HD110014,189.811484,-7.99359,2454684.4683867,282.39544,0.911322,-18349.515017,0.994146,285.802933,0.311151,-18349.132224,0.222885,285.802933,0.311151,18.375409,4.060235,73.839597,1.077622,0.491644,0.000319,0.105007,0.000247,0.16445,0.000341,0,8.182751,56.001627,0.095973,-19.7,245.4,2454684.46838,-25.094528,-25.094806,0,-9999999,0.002466,0.260584,0.856559,0.380327,0.968839,0.5,60,18.342108,4.044943,2008-08-05T23:18:23.336,-9999999,K5,081.C-0802(C),UNKNOWN,-9999999,HARPS_ech_obs_all,HARPS_ech_obs_objA,STAR_NONE_K2III,-9999999,-9999999,-9999999,-9999999,-9999999
HD110014,189.811484,-7.99359,2454685.510674,258.194695,0.952713,-18375.540115,1.034497,261.504517,0.417143,-18374.598622,0.327912,261.504517,0.417143,24.45456,4.658812,77.770264,1.550156,0.49052,0.000431,0.107583,0.000352,0.159725,0.000484,0,8.191799,55.991197,0.099783,-19.7,173.1,2454685.51067,-24.886228,-24.886501,0,-9999999,0.002508,0.162913,0.856536,0.938985,0.981151,0.5,45,24.434621,4.617337,2008-08-07T00:19:31.868,-9999999,K5,081.C-0802(C),UNKNOWN,-9999999,HARPS_ech_obs_all,HARPS_ech_obs_objA,STAR_NONE_K2III,-9999999,-9999999,-9999999,-9999999,-9999999
HD110014,189.811484,-7.99359,2454891.7709723,0.120022,0.910118,-18633.279989,1.011182,3.439907,0.307779,-18633.771832,0.244773,3.439907,0.307779,-12.288035,3.941285,52.82506,1.071101,0.489851,0.000362,0.109442,0.000282,0.161928,0.000381,0,8.165228,56.104501,0.093279,-19.7,220,2454891.77105,16.068881,16.069008,0,-9999999,0.01073,0.172976,0.856497,-0.502573,0.981109,0.35,60,-12.312058,3.939739,2009-03-01T06:22:49.333,-9999999,K5,082.C-0427(C),UNKNOWN,-9999999,HARPS_ech_obs_all,HARPS_ech_obs_objA,STAR_NONE_K2III,-9999999,-9999999,-9999999,-9999999,-9999999
HD110014,189.811484,-7.99359,2454931.6473141,32.270976,0.684504,-18601.342029,0.913525,35.241209,0.241075,-18601.363905,0.175949,35.241209,0.241075,-3.577457,3.900404,54.739317,0.826216,0.483298,0.000252,0.105341,0.000195,0.164722,0.000268,0,8.167979,56.09338,0.091755,-99999,310.1,2454931.64731,-3.611619,-3.611144,0,-9999999,0.012319,-0.176676,0.640647,-0.034195,0.89642,0.5,120,-3.592012,3.826179,2009-04-10T03:22:53.090,-9999999,K5,60.A-9036(A),UNKNOWN,-9999999,HARPS_ech_obs_all,HARPS_ech_obs_objA,STAR_DARK_K2III,-9999999,-9999999,-9999999,-9999999,-9999999
HD110014,189.811484,-7.99359,2455918.873718,-6.672712,0.895793,-18640.58484,1.0069,-3.403848,0.262302,-18640.795346,0.226284,-3.403848,0.262302,1.322124,2.647579,29.756476,0.666301,0.491808,0.000319,0.108338,0.000247,0.16498,0.000333,0,8.157712,56.205154,0.10204,-99999,249.1,2455918.87371,29.90128,29.901249,0.069,-9999999,0.051672,0.121955,0.856529,-0.262178,0.981143,0.46,249.9999,1.295308,2.638773,2011-12-23T08:57:47.280,-9999999,K5,185.D-0056(D),UNKNOWN,-9999999,HARPS_ech_obs_all,HARPS_ech_obs_thosimult,STAR_WAVE_K2,-9999999,-9999999,-9999999,-9999999,-9999999
HD110014,189.811484,-7.99359,2455934.8522675,-15.378369,0.877669,-18650.343073,0.994449,-11.98162,0.191509,-18650.178945,0.162188,-11.98162,0.191509,-1.409734,1.714851,-1.646632,0.45279,0.48538,0.000228,0.107126,0.000175,0.161204,0.000237,0,8.138459,56.379379,0.095941,-18.64,348.6,2455934.85226,30.274852,30.27488,-0.134,-9999999,0.052309,0.24984,0.85652,0.111819,0.981134,0.54,150.0057,-1.421632,1.723557,2012-01-08T08:25:09.418,-9999999,K5,185.D-0056(J),UNKNOWN,-9999999,HARPS_ech_obs_all,HARPS_ech_obs_thosimult,STAR_WAVE_K2,-9999999,-9999999,-9999999,-9999999,-9999999
HD110014,189.811484,-7.99359,2455934.8550263,-15.155666,0.87765,-18649.913602,0.994291,-11.759783,0.19142,-18649.754659,0.16121,-11.759783,0.19142,-2.197879,1.917274,-2.867177,0.527518,0.484652,0.000223,0.106977,0.000172,0.160723,0.000233,0,8.136976,56.383977,0.095513,-18.64,353.4,2455934.85502,30.268452,30.268506,0.299,-9999999,0.052309,0.248974,0.856521,0.106634,0.981135,0.48,140.0055,-2.215106,1.928109,2012-01-08T08:29:21.552,-9999999,K5,185.D-0056(J),UNKNOWN,-9999999,HARPS_ech_obs_all,HARPS_ech_obs_thosimult,STAR_WAVE_K2,-9999999,-9999999,-9999999,-9999999,-9999999
HD110014,189.811484,-7.99359,2455934.8569429,-15.838653,0.878101,-18650.601067,0.994636,-12.443372,0.19347,-18650.445726,0.163319,-12.443372,0.19347,0.001027,1.824244,-3.137737,0.578452,0.484984,0.000227,0.106785,0.000174,0.160734,0.000237,0,8.136881,56.386085,0.09625,-18.64,348.5,2455934.85694,30.263975,30.264002,0.183,-9999999,0.052309,0.248372,0.856522,0.103032,0.981136,0.51,120.0054,-0.017089,1.836215,2012-01-08T08:32:13.131,-9999999,K5,185.D-0056(J),UNKNOWN,-9999999,HARPS_ech_obs_all,HARPS_ech_obs_thosimult,STAR_WAVE_K2,-9999999,-9999999,-9999999,-9999999,-9999999
HD110014,189.811484,-7.99359,2455934.8587001,-16.24144,0.876896,-18651.054165,0.993587,-12.846711,0.187922,-18650.902127,0.156799,-12.846711,0.187922,2.086589,1.684113,-4.481192,0.526547,0.484995,0.000218,0.107043,0.000167,0.160506,0.000227,0,8.135823,56.395985,0.095695,-18.64,362.7,2455934.8587,30.259848,30.259881,0.103,-9999999,0.052309,0.24782,0.856523,0.099729,0.981136,0.51,120.0058,2.06765,1.696814,2012-01-08T08:34:44.940,-9999999,K5,185.D-0056(J),UNKNOWN,-9999999,HARPS_ech_obs_all,HARPS_ech_obs_thosimult,STAR_WAVE_K2,-9999999,-9999999,-9999999,-9999999,-9999999
HD110014,189.811484,-7.99359,2455934.8603317,-16.401369,0.880747,-18651.171872,0.996441,-13.007153,0.205141,-18651.022901,0.173968,-13.007153,0.205141,0.68558,1.595115,-3.960143,0.57096,0.484804,0.000242,0.107467,0.000187,0.160803,0.000253,0,8.13456,56.394738,0.094855,-18.64,326.7,2455934.86033,30.255998,30.256013,0.273,-9999999,0.052309,0.247307,0.856523,0.096662,0.981137,0.5,100.0058,0.666083,1.604618,2012-01-08T08:37:17.098,-9999999,K5,185.D-0056(J),UNKNOWN,-9999999,HARPS_ech_obs_all,HARPS_ech_obs_thosimult,STAR_WAVE_K2,-9999999,-9999999,-9999999,-9999999,-9999999
HD110014,189.811484,-7.99359,2455934.8617867,-15.463528,0.883091,-18650.128995,0.998116,-12.069769,0.214978,-18649.982758,0.183315,-12.069769,0.214978,1.11958,2.022582,-3.422498,0.500728,0.484502,0.000255,0.107237,0.000196,0.16078,0.000266,0,8.135311,56.389594,0.096307,-18.64,310.5,2455934.86178,30.25255,30.252594,0.196,-9999999,0.052309,0.24685,0.856524,0.093928,0.981138,0.49,89.9998,1.100307,2.02489,2012-01-08T08:39:28.696,-9999999,K5,185.D-0056(J),UNKNOWN,-9999999,HARPS_ech_obs_all,HARPS_ech_obs_thosimult,STAR_WAVE_K2,-9999999,-9999999,-9999999,-9999999,-9999999
HD110014,189.811484,-7.99359,2455934.8633344,-15.590212,0.883842,-18650.501215,0.998936,-12.196939,0.218041,-18650.357886,0.187724,-12.196939,0.218041,2.12782,1.863695,-4.084495,0.521264,0.485204,0.000262,0.107342,0.000202,0.160319,0.000273,0,8.134514,56.395143,0.095257,-18.64,302.4,2455934.86333,30.248867,30.248913,-0.134,-9999999,0.05231,0.246364,0.856525,0.091019,0.981139,0.52,90.0001,2.11394,1.870598,2012-01-08T08:41:39.703,-9999999,K5,185.D-0056(J),UNKNOWN,-9999999,HARPS_ech_obs_all,HARPS_ech_obs_thosimult,STAR_WAVE_K2,-9999999,-9999999,-9999999,-9999999,-9999999
HD110014,189.811484,-7.99359,2455934.8647214,-16.187807,0.884285,-18651.118915,0.999084,-12.79497,0.219828,-18650.978193,0.188509,-12.79497,0.219828,2.108076,2.054545,-5.061458,0.535981,0.484622,0.000264,0.107622,0.000203,0.16027,0.000275,0,8.132975,56.392586,0.09368,-18.64,300.4,2455934.86472,30.245555,30.245577,-0.099,-9999999,0.05231,0.245928,0.856525,0.088412,0.981139,0.5,89.9995,2.09005,2.062298,2012-01-08T08:43:41.330,-9999999,K5,185.D-0056(J),UNKNOWN,-9999999,HARPS_ech_obs_all,HARPS_ech_obs_thosimult,STAR_WAVE_K2,-9999999,-9999999,-9999999,-9999999,-9999999
HD110014,189.811484,-7.99359,2455934.8661302,-15.655047,0.885097,-18650.363498,0.999777,-12.262652,0.223069,-18650.225424,0.192144,-12.262652,0.223069,-1.869405,2.110941,-3.793338,0.516373,0.484614,0.00027,0.107151,0.000207,0.160771,0.000281,0,8.134983,56.385523,0.094587,-18.64,294.4,2455934.86613,30.242178,30.242202,-0.243,-9999999,0.05231,0.245486,0.856526,0.085764,0.98114,0.5,90,-1.885666,2.114916,2012-01-08T08:45:43.037,-9999999,K5,185.D-0056(J),UNKNOWN,-9999999,HARPS_ech_obs_all,HARPS_ech_obs_thosimult,STAR_WAVE_K2,-9999999,-9999999,-9999999,-9999999,-9999999
HD110014,189.811484,-7.99359,2455934.867598,-15.488758,0.880921,-18650.169169,0.996644,-12.096824,0.205875,-18650.033854,0.175108,-12.096824,0.205875,-0.659371,2.052847,-4.84761,0.51505,0.485087,0.000245,0.107019,0.000188,0.160401,0.000254,0,8.134733,56.39358,0.095427,-18.64,324.2,2455934.86759,30.238647,30.238703,-0.06,-9999999,0.05231,0.245025,0.856526,0.083005,0.98114,0.5,100.0056,-0.679675,2.050962,2012-01-08T08:47:44.844,-9999999,K5,185.D-0056(J),UNKNOWN,-9999999,HARPS_ech_obs_all,HARPS_ech_obs_thosimult,STAR_WAVE_K2,-9999999,-9999999,-9999999,-9999999,-9999999
HD110014,189.811484,-7.99359,2455934.8691215,-16.037822,0.881997,-18651.052983,0.997483,-12.646367,0.210428,-18650.920531,0.17982,-12.646367,0.210428,4.745281,2.182619,-5.509309,0.48289,0.485002,0.000253,0.10734,0.000194,0.160552,0.000262,0,8.132603,56.399692,0.094423,-18.64,314.4,2455934.86912,30.23497,30.234997,-0.205,-9999999,0.05231,0.244546,0.856527,0.080142,0.981141,0.5,100.0058,4.730019,2.189313,2012-01-08T08:49:56.461,-9999999,K5,185.D-0056(J),UNKNOWN,-9999999,HARPS_ech_obs_all,HARPS_ech_obs_thosimult,STAR_WAVE_K2,-9999999,-9999999,-9999999,-9999999,-9999999
HD110014,189.811484,-7.99359,2455934.8706441,-15.494518,0.88258,-18649.919323,0.99795,-12.103541,0.212856,-18649.789733,0.182386,-12.103541,0.212856,0.368082,1.815518,-4.487651,0.544466,0.485229,0.000255,0.107575,0.000196,0.160228,0.000265,0,8.133657,56.392201,0.094958,-18.64,310.7,2455934.87063,30.231281,30.231333,-0.165,-9999999,0.05231,0.244068,0.856528,0.07728,0.981142,0.49,100.0001,0.34975,1.816177,2012-01-08T08:52:08.998,-9999999,K5,185.D-0056(J),UNKNOWN,-9999999,HARPS_ech_obs_all,HARPS_ech_obs_thosimult,STAR_WAVE_K2,-9999999,-9999999,-9999999,-9999999,-9999999
HD110014,189.811484,-7.99359,2455934.8721961,-16.487566,0.884715,-18651.408453,0.999664,-13.097077,0.221541,-18651.28178,0.191541,-13.097077,0.221541,3.808471,2.109202,-5.756631,0.519625,0.485297,0.000271,0.107153,0.000207,0.160985,0.000281,0,8.13324,56.397801,0.095124,-18.64,294.3,2455934.8722,30.227508,30.227544,0.018,-9999999,0.05231,0.24358,0.856528,0.074363,0.981143,0.51,99.9998,3.79294,2.106587,2012-01-08T08:54:21.076,-9999999,K5,185.D-0056(J),UNKNOWN,-9999999,HARPS_ech_obs_all,HARPS_ech_obs_thosimult,STAR_WAVE_K2,-9999999,-9999999,-9999999,-9999999,-9999999
HD110014,189.811484,-7.99359,2455934.8737205,-16.042384,0.883043,-18650.89438,0.998313,-12.652374,0.214761,-18650.770572,0.184354,-12.652374,0.214761,5.126259,1.992226,-5.626172,0.540328,0.485135,0.000259,0.107673,0.000199,0.160602,0.000269,0,8.133516,56.395955,0.095888,-18.64,306.8,2455934.87371,30.22379,30.223828,0.036,-9999999,0.05231,0.243102,0.856529,0.071498,0.981143,0.51,100,5.103913,1.991034,2012-01-08T08:56:32.774,-9999999,K5,185.D-0056(J),UNKNOWN,-9999999,HARPS_ech_obs_all,HARPS_ech_obs_thosimult,STAR_WAVE_K2,-9999999,-9999999,-9999999,-9999999,-9999999
HD110014,189.811484,-7.99359,2455934.8752106,-15.745118,0.883508,-18650.611929,0.998629,-12.355576,0.216663,-18650.490922,0.186055,-12.355576,0.216663,0.328636,1.975443,-4.907724,0.474543,0.484942,0.000262,0.107187,0.0002,0.160734,0.000271,0,8.133408,56.392923,0.094424,-18.64,304.1,2455934.8752,30.220143,30.220183,-0.057,-9999999,0.05231,0.242633,0.85653,0.068697,0.981144,0.48,100.0058,0.306573,1.978197,2012-01-08T08:58:44.501,-9999999,K5,185.D-0056(J),UNKNOWN,-9999999,HARPS_ech_obs_all,HARPS_ech_obs_thosimult,STAR_WAVE_K2,-9999999,-9999999,-9999999,-9999999,-9999999
HD110014,189.811484,-7.99359,2455934.8768995,-16.347364,0.879084,-18651.010205,0.995482,-12.958352,0.197847,-18650.892372,0.168341,-12.958352,0.197847,3.956395,1.837768,-5.832724,0.392294,0.485564,0.000236,0.107047,0.00018,0.160661,0.000245,0,8.133958,56.401837,0.09489,-18.64,336.9,2455934.87689,30.215997,30.216017,0,-9999999,0.05231,0.242103,0.856531,0.065523,0.981145,0.52,120.0057,3.936989,1.839097,2012-01-08T09:00:56.008,-9999999,K5,185.D-0056(J),UNKNOWN,-9999999,HARPS_ech_obs_all,HARPS_ech_obs_thosimult,STAR_WAVE_K2,-9999999,-9999999,-9999999,-9999999,-9999999
HD110014,189.811484,-7.99359,2455935.7747833,-1.205187,0.900097,-18635.535172,1.008847,2.265229,0.276741,-18635.147667,0.23494,2.265229,0.276741,-7.913221,2.448483,7.61021,0.764316,0.485665,0.000313,0.107544,0.000248,0.161848,0.000336,0,8.142725,56.311015,0.096517,-18.64,246.7,2455935.77477,30.370597,30.370641,0,-9999999,0.052346,0.323507,0.856498,0.335159,0.981109,0.48,250,-7.921142,2.44311,2012-01-09T06:32:47.792,-9999999,K5,185.D-0056(J),UNKNOWN,-9999999,HARPS_ech_obs_all,HARPS_ech_obs_thosimult,STAR_WAVE_K2,-9999999,-9999999,-9999999,-9999999,-9999999
HD110014,189.811484,-7.99359,2455935.7783215,0.894311,1.001782,-18633.783673,1.076634,4.363615,0.519593,-18633.402818,0.443356,4.363615,0.519593,-8.6246,4.459315,11.126592,1.550584,0.486542,0.000607,0.108114,0.000491,0.162707,0.000663,0,8.141675,56.273177,0.092689,-18.64,128.8,2455935.77832,30.365023,30.365058,-0.568,-9999999,0.052346,0.322395,0.856498,0.328509,0.98111,0.44,250.0003,-8.636009,4.453593,2012-01-09T06:38:03.459,-9999999,K5,185.D-0056(J),UNKNOWN,-9999999,HARPS_ech_obs_all,HARPS_ech_obs_thosimult,STAR_WAVE_K2,-9999999,-9999999,-9999999,-9999999,-9999999
HD110014,189.811484,-7.99359,2455935.7895301,0.37523,0.880176,-18634.115535,0.996147,3.841013,0.20277,-18633.755747,0.172414,3.841013,0.20277,-11.137825,2.080858,8.23397,0.445093,0.486385,0.000241,0.1072,0.000185,0.161054,0.000251,0,8.146047,56.326594,0.097713,-18.64,329.4,2455935.78952,30.346331,30.346385,-0.161,-9999999,0.052346,0.318875,0.856501,0.307442,0.981113,0.56,250.0058,-11.151384,2.069119,2012-01-09T06:53:41.782,-9999999,K5,185.D-0056(J),UNKNOWN,-9999999,HARPS_ech_obs_all,HARPS_ech_obs_thosimult,STAR_WAVE_K2,-9999999,-9999999,-9999999,-9999999,-9999999
HD110014,189.811484,-7.99359,2455935.7923553,0.065841,0.88204,-18634.733893,0.996925,3.530737,0.210713,-18634.379414,0.176852,3.530737,0.210713,-8.121565,2.051755,8.389245,0.482199,0.486391,0.00024,0.10708,0.000187,0.161709,0.000254,0,8.14389,56.335165,0.096015,-18.64,325.6,2455935.79235,30.341379,30.341428,-0.025,-9999999,0.052347,0.317987,0.856501,0.302132,0.981113,0.51,200.0057,-8.130807,2.04157,2012-01-09T06:58:23.858,-9999999,K5,185.D-0056(J),UNKNOWN,-9999999,HARPS_ech_obs_all,HARPS_ech_obs_thosimult,STAR_WAVE_K2,-9999999,-9999999,-9999999,-9999999,-9999999
HD110014,189.811484,-7.99359,2455935.8477001,-0.759391,0.898182,-18635.581312,1.009288,2.68812,0.270382,-18635.330852,0.236733,2.68812,0.270382,-7.710804,2.546895,11.402798,0.724912,0.48618,0.000337,0.107118,0.000259,0.160649,0.00035,0,8.148229,56.305164,0.09529,-18.64,236.8,2455935.8477,30.227515,30.227549,-0.342,-9999999,0.052349,0.300602,0.856518,0.198111,0.981132,0.5,150.0002,-7.727195,2.543654,2012-01-09T08:18:32.169,-9999999,K5,185.D-0056(J),UNKNOWN,-9999999,HARPS_ech_obs_all,HARPS_ech_obs_thosimult,STAR_WAVE_K2,-9999999,-9999999,-9999999,-9999999,-9999999
HD110014,189.811484,-7.99359,2455935.849897,-1.455339,0.884965,-18635.940915,0.999717,1.991482,0.22257,-18635.694584,0.191867,1.991482,0.22257,-3.359032,2.157579,9.644318,0.538341,0.487042,0.000276,0.107624,0.00021,0.161791,0.000286,0,8.147901,56.323486,0.096473,-18.64,290.8,2455935.84989,30.222434,30.222477,-0.276,-9999999,0.052349,0.299912,0.856519,0.193982,0.981133,0.5,150.0057,-3.380861,2.154629,2012-01-09T08:21:41.959,-9999999,K5,185.D-0056(J),UNKNOWN,-9999999,HARPS_ech_obs_all,HARPS_ech_obs_thosimult,STAR_WAVE_K2,-9999999,-9999999,-9999999,-9999999,-9999999
HD110014,189.811484,-7.99359,2455935.8519792,-2.286344,0.888566,-18636.55081,1.002357,1.159823,0.23648,-18636.308393,0.205176,1.159823,0.23648,-0.799293,2.042454,9.229087,0.616969,0.487085,0.000297,0.107677,0.000226,0.161178,0.000306,0,8.14713,56.324471,0.096775,-18.64,270.9,2455935.85197,30.217587,30.21764,-0.549,-9999999,0.052349,0.299258,0.85652,0.190068,0.981134,0.49,150.0058,-0.819828,2.041903,2012-01-09T08:24:43.349,-9999999,K5,185.D-0056(J),UNKNOWN,-9999999,HARPS_ech_obs_all,HARPS_ech_obs_thosimult,STAR_WAVE_K2,-9999999,-9999999,-9999999,-9999999,-9999999
HD110014,189.811484,-7.99359,2455935.8541388,-2.190751,0.883334,-18636.599954,0.998469,1.254737,0.215988,-18636.361596,0.185246,1.254737,0.215988,-0.480868,1.959314,9.274776,0.461793,0.488071,0.000269,0.107305,0.000203,0.161524,0.000276,0,8.146969,56.324396,0.096825,-18.64,300.4,2455935.85413,30.212527,30.212555,-0.494,-9999999,0.052349,0.29858,0.856521,0.186009,0.981135,0.52,149.9998,-0.495172,1.958668,2012-01-09T08:27:45.419,-9999999,K5,185.D-0056(J),UNKNOWN,-9999999,HARPS_ech_obs_all,HARPS_ech_obs_thosimult,STAR_WAVE_K2,-9999999,-9999999,-9999999,-9999999,-9999999
HD110014,189.811484,-7.99359,2455935.8563473,-2.8898,0.88189,-18637.36049,0.997561,0.554995,0.210001,-18637.126283,0.180281,0.554995,0.210001,-4.106913,2.109262,9.610789,0.458927,0.487392,0.000261,0.107462,0.000198,0.161341,0.000269,0,8.148945,56.320179,0.097194,-18.64,308.6,2455935.85634,30.207321,30.207357,-0.408,-9999999,0.052349,0.297886,0.856522,0.181858,0.981135,0.51,149.9945,-4.126454,2.108901,2012-01-09T08:30:57.720,-9999999,K5,185.D-0056(J),UNKNOWN,-9999999,HARPS_ech_obs_all,HARPS_ech_obs_thosimult,STAR_WAVE_K2,-9999999,-9999999,-9999999,-9999999,-9999999
HD110014,189.811484,-7.99359,2455935.8584506,-2.97929,0.881893,-18637.286852,0.997528,0.464844,0.210009,-18637.056598,0.180092,0.464844,0.210009,-2.806003,1.809198,9.152955,0.541779,0.486867,0.000261,0.106888,0.000197,0.16087,0.000268,0,8.148256,56.323396,0.097807,-18.64,308.5,2455935.85844,30.202332,30.202374,-0.394,-9999999,0.052349,0.297225,0.856523,0.177905,0.981136,0.51,150.0058,-2.830521,1.808924,2012-01-09T08:33:59.421,-9999999,K5,185.D-0056(J),UNKNOWN,-9999999,HARPS_ech_obs_all,HARPS_ech_obs_thosimult,STAR_WAVE_K2,-9999999,-9999999,-9999999,-9999999,-9999999
HD110014,189.811484,-7.99359,2455935.8605723,-2.946847,0.883205,-18637.156295,0.99845,0.496621,0.215449,-18636.930029,0.185128,0.496621,0.215449,-3.405767,2.189404,9.387389,0.540385,0.487029,0.000269,0.106993,0.000203,0.161468,0.000277,0,8.147391,56.322517,0.09894,-18.64,300,2455935.86057,30.197271,30.197307,-0.487,-9999999,0.052349,0.296559,0.856524,0.173917,0.981137,0.52,150.0001,-3.426752,2.189162,2012-01-09T08:37:01.221,-9999999,K5,185.D-0056(J),UNKNOWN,-9999999,HARPS_ech_obs_all,HARPS_ech_obs_thosimult,STAR_WAVE_K2,-9999999,-9999999,-9999999,-9999999,-9999999
HD110014,189.811484,-7.99359,2455935.8626593,-3.706691,0.880159,-18638.187193,0.996126,-0.263879,0.202599,-18637.964849,0.17215,-0.263879,0.202599,0.318934,1.759299,9.312597,0.530972,0.48723,0.000251,0.107333,0.000189,0.161376,0.000257,0,8.148551,56.327269,0.097057,-18.64,322.6,2455935.86265,30.192266,30.192296,-0.4,-9999999,0.052349,0.295903,0.856524,0.169995,0.981138,0.51,150.0058,0.29396,1.760201,2012-01-09T08:40:03.011,-9999999,K5,185.D-0056(J),UNKNOWN,-9999999,HARPS_ech_obs_all,HARPS_ech_obs_thosimult,STAR_WAVE_K2,-9999999,-9999999,-9999999,-9999999,-9999999
HD110014,189.811484,-7.99359,2455935.8647435,-3.972484,0.879945,-18638.589925,0.996244,-0.530327,0.201664,-18638.371498,0.172823,-0.530327,0.201664,1.675637,1.888022,8.761033,0.502148,0.487121,0.000253,0.107216,0.00019,0.161463,0.000259,0,8.148416,56.32956,0.098366,-18.64,320.1,2455935.86474,30.187241,30.187286,-0.255,-9999999,0.052349,0.295248,0.856525,0.166078,0.981139,0.5,150.0058,1.648275,1.889354,2012-01-09T08:43:04.571,-9999999,K5,185.D-0056(J),UNKNOWN,-9999999,HARPS_ech_obs_all,HARPS_ech_obs_thosimult,STAR_WAVE_K2,-9999999,-9999999,-9999999,-9999999,-9999999
HD110014,189.811484,-7.99359,2455935.8668622,-4.545235,0.884088,-18638.854637,0.999199,-1.103743,0.219031,-18638.640192,0.18911,-1.103743,0.219031,5.750216,1.766944,8.603547,0.531955,0.48653,0.000276,0.107182,0.000208,0.161468,0.000283,0,8.147833,56.328222,0.099366,-18.64,292.8,2455935.86686,30.182107,30.18214,-0.359,-9999999,0.05235,0.294583,0.856526,0.162095,0.98114,0.51,150.0056,5.729273,1.767998,2012-01-09T08:46:06.111,-9999999,K5,185.D-0056(J),UNKNOWN,-9999999,HARPS_ech_obs_all,HARPS_ech_obs_thosimult,STAR_WAVE_K2,-9999999,-9999999,-9999999,-9999999,-9999999
HD110014,189.811484,-7.99359,2455935.8689467,-4.993902,0.883469,-18639.430077,0.998619,-1.553065,0.216514,-18639.219549,0.186016,-1.553065,0.216514,1.718722,1.858447,8.561379,0.483469,0.486676,0.000271,0.10753,0.000205,0.161356,0.000278,0,8.14755,56.326455,0.096564,-18.64,298.4,2455935.86894,30.177031,30.17708,-0.297,-9999999,0.05235,0.293928,0.856527,0.158178,0.981141,0.5,150.0057,1.693195,1.860085,2012-01-09T08:49:07.691,-9999999,K5,185.D-0056(J),UNKNOWN,-9999999,HARPS_ech_obs_all,HARPS_ech_obs_thosimult,STAR_WAVE_K2,-9999999,-9999999,-9999999,-9999999,-9999999
HD110014,189.811484,-7.99359,2455935.8711005,-4.700991,0.880906,-18639.051697,0.996841,-1.260831,0.205804,-18638.845217,0.176215,-1.260831,0.205804,-1.538359,2.360364,9.534837,0.448788,0.48623,0.000257,0.107454,0.000194,0.161575,0.000264,0,8.148422,56.329713,0.097019,-18.64,314.7,2455935.87109,30.171762,30.171799,-0.363,-9999999,0.05235,0.293252,0.856528,0.15413,0.981142,0.49,150.0058,-1.565305,2.360484,2012-01-09T08:52:15.263,-9999999,K5,185.D-0056(J),UNKNOWN,-9999999,HARPS_ech_obs_all,HARPS_ech_obs_thosimult,STAR_WAVE_K2,-9999999,-9999999,-9999999,-9999999,-9999999
HD110014,189.811484,-7.99359,2455935.8732348,-4.907616,0.884637,-18639.336953,0.999459,-1.468126,0.221226,-18639.134485,0.190463,-1.468126,0.221226,-1.152656,2.23249,9.38461,0.565863,0.486575,0.000276,0.107682,0.000209,0.16165,0.000284,0,8.148313,56.325926,0.098008,-18.64,291.9,2455935.87323,30.166517,30.166551,-0.463,-9999999,0.05235,0.292581,0.856529,0.150118,0.981143,0.51,150.0056,-1.175532,2.2326,2012-01-09T08:55:16.643,-9999999,K5,185.D-0056(J),UNKNOWN,-9999999,HARPS_ech_obs_all,HARPS_ech_obs_thosimult,STAR_WAVE_K2,-9999999,-9999999,-9999999,-9999999,-9999999
HD110014,189.811484,-7.99359,2455935.8753406,-6.141639,0.883546,-18640.534055,0.998575,-2.70281,0.21682,-18640.335545,0.185764,-2.70281,0.21682,3.996223,2.187778,8.979938,0.514466,0.486448,0.000271,0.107435,0.000204,0.161074,0.000277,0,8.14891,56.325013,0.097993,-18.64,298.8,2455935.87534,30.16132,30.161337,-0.562,-9999999,0.05235,0.29192,0.85653,0.14616,0.981144,0.51,150.0005,3.96704,2.188651,2012-01-09T08:58:18.573,-9999999,K5,185.D-0056(J),UNKNOWN,-9999999,HARPS_ech_obs_all,HARPS_ech_obs_thosimult,STAR_WAVE_K2,-9999999,-9999999,-9999999,-9999999,-9999999
HD110014,189.811484,-7.99359,2455935.8775076,-5.347784,0.880643,-18639.85887,0.996399,-1.909636,0.204664,-18639.664433,0.173682,-1.909636,0.204664,0.397031,1.911505,9.567801,0.472763,0.486731,0.000252,0.107466,0.00019,0.16128,0.000258,0,8.149304,56.32158,0.098099,-18.64,320.9,2455935.8775,30.155949,30.155986,-0.299,-9999999,0.05235,0.291239,0.856531,0.142087,0.981145,0.51,150.0057,0.372269,1.912273,2012-01-09T09:01:25.783,-9999999,K5,185.D-0056(J),UNKNOWN,-9999999,HARPS_ech_obs_all,HARPS_ech_obs_thosimult,STAR_WAVE_K2,-9999999,-9999999,-9999999,-9999999,-9999999
HD110014,189.811484,-7.99359,2455936.8451862,-3.323281,0.875684,-18637.274761,0.99319,0.072949,0.182207,-18637.153122,0.1543,0.072949,0.182207,-6.427974,1.99793,-6.638476,0.45377,0.487184,0.000221,0.106775,0.000167,0.16172,0.000228,0,8.136858,56.39739,0.098418,-18.64,363.8,2455936.84518,30.166794,30.166833,-0.154,-9999999,0.052389,0.249321,0.856517,0.06925,0.981131,0.52,150.0058,-6.446357,1.997307,2012-01-10T08:14:43.345,-9999999,K5,185.D-0056(J),UNKNOWN,-9999999,HARPS_ech_obs_all,HARPS_ech_obs_thosimult,STAR_WAVE_K2,-9999999,-9999999,-9999999,-9999999,-9999999
HD110014,189.811484,-7.99359,2455936.8475981,-4.075322,0.879512,-18638.682935,0.995721,-0.67985,0.199795,-18638.565829,0.169828,-0.67985,0.199795,-0.168237,2.055186,-6.964437,0.486825,0.486572,0.000236,0.107283,0.000182,0.161639,0.000247,0,8.137409,56.397212,0.098159,-18.64,335.6,2455936.84759,30.161191,30.161229,-0.069,-9999999,0.052389,0.248563,0.856518,0.064717,0.981132,0.51,120.0059,-0.193485,2.055643,2012-01-10T08:18:28.507,-9999999,K5,185.D-0056(J),UNKNOWN,-9999999,HARPS_ech_obs_all,HARPS_ech_obs_thosimult,STAR_WAVE_K2,-9999999,-9999999,-9999999,-9999999,-9999999
HD110014,189.811484,-7.99359,2455936.8492391,-3.376209,0.88308,-18637.408996,0.998468,0.018748,0.214956,-18637.294974,0.185248,0.018748,0.214956,-5.983163,2.025316,-6.769331,0.507365,0.486613,0.000257,0.10753,0.000198,0.162244,0.00027,0,8.135874,56.398363,0.099469,-18.64,308.4,2455936.84923,30.157355,30.157398,0.056,-9999999,0.052389,0.248048,0.856519,0.061633,0.981132,0.51,100.0057,-5.997096,2.025012,2012-01-10T08:21:00.476,-9999999,K5,185.D-0056(J),UNKNOWN,-9999999,HARPS_ech_obs_all,HARPS_ech_obs_thosimult,STAR_WAVE_K2,-9999999,-9999999,-9999999,-9999999,-9999999
HD110014,189.811484,-7.99359,2455936.8507472,-3.544634,0.881629,-18637.835847,0.997465,-0.150151,0.208913,-18637.724659,0.179764,-0.150151,0.208913,-0.966069,2.247065,-7.079863,0.463664,0.487081,0.000249,0.107336,0.000192,0.162087,0.000261,0,8.135895,56.400635,0.099668,-18.64,318.6,2455936.85074,30.153814,30.153873,0.17,-9999999,0.052389,0.247574,0.85652,0.058799,0.981133,0.5,100.0056,-0.985598,2.247232,2012-01-10T08:23:11.763,-9999999,K5,185.D-0056(J),UNKNOWN,-9999999,HARPS_ech_obs_all,HARPS_ech_obs_thosimult,STAR_WAVE_K2,-9999999,-9999999,-9999999,-9999999,-9999999
HD110014,189.811484,-7.99359,2455936.8522188,-3.503156,0.882898,-18637.477898,0.998316,-0.109135,0.214201,-18637.369476,0.184422,-0.109135,0.214201,-7.149495,1.910283,-6.971984,0.509551,0.486419,0.000257,0.107479,0.000197,0.161709,0.000268,0,8.135529,56.399757,0.099749,-18.64,309.4,2455936.85221,30.150343,30.150388,0.153,-9999999,0.052389,0.247112,0.85652,0.056033,0.981134,0.5,90.0058,-7.169318,1.909417,2012-01-10T08:25:23.900,-9999999,K5,185.D-0056(J),UNKNOWN,-9999999,HARPS_ech_obs_all,HARPS_ech_obs_thosimult,STAR_WAVE_K2,-9999999,-9999999,-9999999,-9999999,-9999999
HD110014,189.811484,-7.99359,2455936.8536479,-3.318974,0.885217,-18637.335998,1.000077,0.074598,0.223565,-18637.230262,0.193724,0.074598,0.223565,-7.183837,2.135069,-6.390342,0.658868,0.486878,0.000273,0.107717,0.000209,0.161199,0.000283,0,8.137526,56.395984,0.099761,-18.64,292.9,2455936.85364,30.146958,30.146998,0.03,-9999999,0.052389,0.246663,0.856521,0.053347,0.981134,0.52,90.0056,-7.202808,2.134272,2012-01-10T08:27:25.558,-9999999,K5,185.D-0056(J),UNKNOWN,-9999999,HARPS_ech_obs_all,HARPS_ech_obs_thosimult,STAR_WAVE_K2,-9999999,-9999999,-9999999,-9999999,-9999999
HD110014,189.811484,-7.99359,2455936.8553024,-3.589627,0.893158,-18637.677896,1.005898,-0.196575,0.253186,-18637.57527,0.221821,-0.196575,0.253186,-5.475186,2.319281,-6.555857,0.697136,0.487244,0.00031,0.107626,0.000239,0.162189,0.000325,0,8.136455,56.397717,0.098155,-18.64,256.4,2455936.8553,30.143023,30.143044,-0.097,-9999999,0.052389,0.246143,0.856521,0.050237,0.981135,0.49,80.0057,-5.490176,2.318875,2012-01-10T08:29:56.096,-9999999,K5,185.D-0056(J),UNKNOWN,-9999999,HARPS_ech_obs_all,HARPS_ech_obs_thosimult,STAR_WAVE_K2,-9999999,-9999999,-9999999,-9999999,-9999999
HD110014,189.811484,-7.99359,2455936.8567625,-3.88701,0.889613,-18638.172352,1.003018,-0.494416,0.240379,-18638.07247,0.208372,-0.494416,0.240379,-5.213454,2.553897,-7.59464,0.59677,0.487177,0.000291,0.107658,0.000225,0.161983,0.000305,0,8.135715,56.393891,0.099619,-18.64,272.6,2455936.85676,30.139535,30.13957,-0.105,-9999999,0.052389,0.245685,0.856522,0.047493,0.981136,0.53,100.0057,-5.231376,2.553219,2012-01-10T08:31:48.432,-9999999,K5,185.D-0056(J),UNKNOWN,-9999999,HARPS_ech_obs_all,HARPS_ech_obs_thosimult,STAR_WAVE_K2,-9999999,-9999999,-9999999,-9999999,-9999999
HD110014,189.811484,-7.99359,2455936.8582516,-5.651186,0.887462,-18640.029812,1.001632,-2.25906,0.232289,-18639.932729,0.201589,-2.25906,0.232289,0.425542,2.331569,-8.401474,0.618013,0.486888,0.000283,0.107768,0.000218,0.161771,0.000296,0,8.134598,56.403617,0.098415,-18.64,281.3,2455936.85825,30.135964,30.135999,0.064,-9999999,0.052389,0.245217,0.856523,0.044694,0.981136,0.5,100.0001,0.406058,2.330414,2012-01-10T08:34:00.080,-9999999,K5,185.D-0056(J),UNKNOWN,-9999999,HARPS_ech_obs_all,HARPS_ech_obs_thosimult,STAR_WAVE_K2,-9999999,-9999999,-9999999,-9999999,-9999999
HD110014,189.811484,-7.99359,2455936.8597746,-3.477448,0.882987,-18637.547538,0.998102,-0.085801,0.214555,-18637.453318,0.183244,-0.085801,0.214555,-3.654727,1.798528,-7.308592,0.581738,0.487269,0.000254,0.10759,0.000196,0.161925,0.000266,0,8.137267,56.394112,0.099671,-18.64,312.1,2455936.85977,30.132298,30.132331,-0.143,-9999999,0.052389,0.244739,0.856523,0.041831,0.981137,0.5,100.0057,-3.676144,1.798133,2012-01-10T08:36:11.657,-9999999,K5,185.D-0056(J),UNKNOWN,-9999999,HARPS_ech_obs_all,HARPS_ech_obs_thosimult,STAR_WAVE_K2,-9999999,-9999999,-9999999,-9999999,-9999999
HD110014,189.811484,-7.99359,2455936.8612449,-4.394327,0.887114,-18638.752247,1.00124,-1.003141,0.230949,-18638.66079,0.199624,-1.003141,0.230949,-0.201474,2.296974,-7.59773,0.512302,0.487563,0.000277,0.107873,0.000214,0.161669,0.00029,0,8.134932,56.402156,0.099683,-18.64,286.3,2455936.86124,30.128746,30.128788,-0.115,-9999999,0.052389,0.244277,0.856524,0.039068,0.981138,0.5,90.0057,-0.223459,2.296861,2012-01-10T08:38:23.674,-9999999,K5,185.D-0056(J),UNKNOWN,-9999999,HARPS_ech_obs_all,HARPS_ech_obs_thosimult,STAR_WAVE_K2,-9999999,-9999999,-9999999,-9999999,-9999999
HD110014,189.811484,-7.99359,2455936.8627263,-5.081885,0.889521,-18639.338511,1.003113,-1.691165,0.240027,-18639.249838,0.208814,-1.691165,0.240027,1.876185,2.173103,-7.615487,0.599521,0.487006,0.000291,0.107667,0.000225,0.161477,0.000304,0,8.136573,56.396499,0.098774,-18.64,272.9,2455936.86272,30.125153,30.125205,0.011,-9999999,0.052389,0.243811,0.856524,0.036284,0.981138,0.49,89.9998,1.855713,2.172237,2012-01-10T08:40:32.562,-9999999,K5,185.D-0056(J),UNKNOWN,-9999999,HARPS_ech_obs_all,HARPS_ech_obs_thosimult,STAR_WAVE_K2,-9999999,-9999999,-9999999,-9999999,-9999999
HD110014,189.811484,-7.99359,2455936.8641115,-4.024536,0.890716,-18638.3634,1.00402,-0.634251,0.244418,-18638.277331,0.213124,-0.634251,0.244418,1.431588,2.006486,-7.425862,0.635403,0.48735,0.000298,0.107426,0.000229,0.162426,0.000312,0,8.136877,56.398203,0.097708,-18.64,266.9,2455936.86411,30.121783,30.121807,-0.212,-9999999,0.052389,0.243376,0.856525,0.03368,0.981139,0.47,90.0002,1.407191,2.006495,2012-01-10T08:42:34.026,-9999999,K5,185.D-0056(J),UNKNOWN,-9999999,HARPS_ech_obs_all,HARPS_ech_obs_thosimult,STAR_WAVE_K2,-9999999,-9999999,-9999999,-9999999,-9999999
HD110014,189.811484,-7.99359,2455936.8655819,-3.919296,0.885533,-18638.404864,1.000395,-0.529473,0.224796,-18638.321558,0.195336,-0.529473,0.224796,-2.880595,2.034928,-7.151226,0.513279,0.486917,0.000272,0.107792,0.00021,0.161805,0.000284,0,8.136187,56.401278,0.098383,-18.64,292.3,2455936.86558,30.118193,30.118228,-0.176,-9999999,0.052389,0.242914,0.856526,0.030917,0.98114,0.53,90,-2.900858,2.034304,2012-01-10T08:44:35.656,-9999999,K5,185.D-0056(J),UNKNOWN,-9999999,HARPS_ech_obs_all,HARPS_ech_obs_thosimult,STAR_WAVE_K2,-9999999,-9999999,-9999999,-9999999,-9999999
HD110014,189.811484,-7.99359,2455936.8669779,-3.492249,0.885363,-18637.664321,1.00016,-0.102864,0.224123,-18637.583639,0.194121,-0.102864,0.224123,-3.555123,1.768156,-6.414599,0.534097,0.486738,0.00027,0.108036,0.000208,0.161687,0.000282,0,8.134127,56.397986,0.097848,-18.64,294,2455936.86697,30.114774,30.114835,-0.004,-9999999,0.052389,0.242476,0.856526,0.028293,0.98114,0.52,90.0057,-3.577042,1.767766,2012-01-10T08:46:37.152,-9999999,K5,185.D-0056(J),UNKNOWN,-9999999,HARPS_ech_obs_all,HARPS_ech_obs_thosimult,STAR_WAVE_K2,-9999999,-9999999,-9999999,-9999999,-9999999
HD110014,189.811484,-7.99359,2455936.868353,-3.460565,0.885574,-18637.45274,1.00023,-0.071612,0.224952,-18637.374643,0.194482,-0.071612,0.224952,-1.598625,2.145814,-7.138727,0.58684,0.486694,0.000272,0.107924,0.000209,0.161779,0.000284,0,8.135092,56.397955,0.099698,-18.64,293,2455936.86834,30.111396,30.111432,-0.27,-9999999,0.052389,0.242044,0.856527,0.025708,0.981141,0.49,90.0058,-1.626818,2.145558,2012-01-10T08:48:38.649,-9999999,K5,185.D-0056(J),UNKNOWN,-9999999,HARPS_ech_obs_all,HARPS_ech_obs_thosimult,STAR_WAVE_K2,-9999999,-9999999,-9999999,-9999999,-9999999
HD110014,189.811484,-7.99359,2455936.8697647,-3.211867,0.88756,-18637.026541,1.001694,0.176642,0.232646,-18636.951096,0.201871,0.176642,0.232646,-3.158149,2.097669,-7.090509,0.505215,0.487045,0.000283,0.107869,0.000218,0.162204,0.000296,0,8.135137,56.401217,0.099372,-18.64,281.1,2455936.86976,30.107918,30.107962,-0.178,-9999999,0.05239,0.2416,0.856527,0.023055,0.981142,0.49,90.0057,-3.180738,2.097441,2012-01-10T08:50:40.616,-9999999,K5,185.D-0056(J),UNKNOWN,-9999999,HARPS_ech_obs_all,HARPS_ech_obs_thosimult,STAR_WAVE_K2,-9999999,-9999999,-9999999,-9999999,-9999999
HD110014,189.811484,-7.99359,2455936.8711811,-3.998909,0.885347,-18638.129949,1.00015,-0.610845,0.224053,-18638.057166,0.194063,-0.610845,0.224053,-0.442819,2.151098,-8.802598,0.532281,0.486902,0.000273,0.107549,0.00021,0.161674,0.000285,0,8.133574,56.406691,0.098055,-18.64,292,2455936.87118,30.104418,30.104454,-0.15,-9999999,0.05239,0.241156,0.856528,0.020393,0.981142,0.5,90.0056,-0.463569,2.150502,2012-01-10T08:52:42.073,-9999999,K5,185.D-0056(J),UNKNOWN,-9999999,HARPS_ech_obs_all,HARPS_ech_obs_thosimult,STAR_WAVE_K2,-9999999,-9999999,-9999999,-9999999,-9999999
HD110014,189.811484,-7.99359,2455936.8728302,-3.366075,0.888739,-18637.574844,1.002936,0.021471,0.237099,-18637.505161,0.207939,0.021471,0.237099,-1.133403,2.395227,-6.110187,0.54931,0.487078,0.000291,0.108093,0.000225,0.162066,0.000305,0,8.136807,56.391556,0.098116,-18.64,273.1,2455936.87282,30.100331,30.100363,-0.073,-9999999,0.05239,0.240637,0.856529,0.017293,0.981143,0.49,90.0058,-1.155814,2.395239,2012-01-10T08:55:05.441,-9999999,K5,185.D-0056(J),UNKNOWN,-9999999,HARPS_ech_obs_all,HARPS_ech_obs_thosimult,STAR_WAVE_K2,-9999999,-9999999,-9999999,-9999999,-9999999
HD110014,189.811484,-7.99359,2455936.8742688,-3.729034,0.885856,-18637.771906,1.00038,-0.34194,0.226051,-18637.704927,0.195235,-0.34194,0.226051,-2.950167,2.219358,-7.501915,0.571441,0.487123,0.000274,0.107905,0.000211,0.161996,0.000286,0,8.135184,56.397465,0.098192,-18.64,290.6,2455936.87426,30.096755,30.096804,0.09,-9999999,0.05239,0.240186,0.856529,0.014589,0.981144,0.52,90.0056,-2.977239,2.218747,2012-01-10T08:57:07.027,-9999999,K5,185.D-0056(J),UNKNOWN,-9999999,HARPS_ech_obs_all,HARPS_ech_obs_thosimult,STAR_WAVE_K2,-9999999,-9999999,-9999999,-9999999,-9999999
HD110014,189.811484,-7.99359,2455936.8756594,-4.443937,0.88374,-18638.525703,0.999004,-1.057279,0.217605,-18638.461337,0.188056,-1.057279,0.217605,-0.696935,1.797789,-7.510805,0.51148,0.487153,0.000266,0.107543,0.000203,0.162029,0.000276,0,8.135893,56.400205,0.098269,-18.64,301,2455936.87565,30.093289,30.093351,-0.019,-9999999,0.05239,0.239749,0.85653,0.011976,0.981144,0.5,90.0004,-0.715549,1.796513,2012-01-10T08:59:08.964,-9999999,K5,185.D-0056(J),UNKNOWN,-9999999,HARPS_ech_obs_all,HARPS_ech_obs_thosimult,STAR_WAVE_K2,-9999999,-9999999,-9999999,-9999999,-9999999
HD110014,189.811484,-7.99359,2455936.8770553,-4.523518,0.883817,-18638.571198,0.999013,-1.137299,0.217916,-18638.509456,0.188098,-1.137299,0.217916,1.682065,1.859282,-8.292169,0.541822,0.486752,0.000266,0.108273,0.000204,0.163104,0.000278,0,8.135708,56.405145,0.09823,-18.64,300.5,2455936.87705,30.0898,30.089832,-0.24,-9999999,0.05239,0.23931,0.856531,0.009352,0.981145,0.49,90.0004,1.658372,1.857786,2012-01-10T09:01:10.461,-9999999,K5,185.D-0056(J),UNKNOWN,-9999999,HARPS_ech_obs_all,HARPS_ech_obs_thosimult,STAR_WAVE_K2,-9999999,-9999999,-9999999,-9999999,-9999999
HD110014,189.811484,-7.99359,2455936.8784881,-4.971757,0.885124,-18638.854654,0.999968,-1.585988,0.223158,-18638.795605,0.193103,-1.585988,0.223158,0.951212,2.099228,-9.485619,0.59305,0.487429,0.000274,0.107996,0.00021,0.16175,0.000284,0,8.135907,56.403628,0.098555,-18.64,292.5,2455936.87848,30.086211,30.086246,-0.21,-9999999,0.05239,0.23886,0.856531,0.006659,0.981146,0.51,90.0059,0.924349,2.096952,2012-01-10T09:03:12.438,-9999999,K5,185.D-0056(J),UNKNOWN,-9999999,HARPS_ech_obs_all,HARPS_ech_obs_thosimult,STAR_WAVE_K2,-9999999,-9999999,-9999999,-9999999,-9999999
HD110014,189.811484,-7.99359,2455937.847325,-3.171655,0.877882,-18637.641212,0.994586,0.221166,0.192491,-18637.464351,0.163039,0.221166,0.192491,-3.048859,1.718501,2.986833,0.533738,0.486609,0.000227,0.106899,0.000174,0.161629,0.000237,0,8.143126,56.34055,0.097129,-18.64,349.9,2455937.84732,30.086549,30.086599,0,-9999999,0.052428,0.245913,0.856518,0.124433,0.981132,0.5,120.0058,-3.0741,1.718439,2012-01-11T08:17:57.485,-9999999,K5,185.D-0056(J),UNKNOWN,-9999999,HARPS_ech_obs_all,HARPS_ech_obs_thosimult,STAR_WAVE_K2,-9999999,-9999999,-9999999,-9999999,-9999999
HD110014,189.811484,-7.99359,2455937.8494204,-2.007227,0.883882,-18636.289095,0.998982,1.384936,0.218224,-18636.116172,0.188001,1.384936,0.218224,-7.092675,1.944552,2.687409,0.491619,0.486788,0.000262,0.107495,0.000201,0.161722,0.000274,0,8.142708,56.342009,0.097569,-18.64,303.2,2455937.84941,30.081596,30.081632,-0.307,-9999999,0.052429,0.245254,0.856519,0.120494,0.981133,0.51,90.0057,-7.112675,1.944623,2012-01-11T08:21:12.607,-9999999,K5,185.D-0056(J),UNKNOWN,-9999999,HARPS_ech_obs_all,HARPS_ech_obs_thosimult,STAR_WAVE_K2,-9999999,-9999999,-9999999,-9999999,-9999999
HD110014,189.811484,-7.99359,2455937.8508034,-1.597331,0.881639,-18635.669173,0.997218,1.794398,0.208954,-18635.498849,0.178385,1.794398,0.208954,-10.907305,2.128577,3.35616,0.58353,0.486456,0.000249,0.107058,0.00019,0.161688,0.00026,0,8.142574,56.338195,0.097582,-18.64,319.4,2455937.85079,30.07831,30.078369,-0.078,-9999999,0.052429,0.24482,0.85652,0.117895,0.981133,0.49,90.0058,-10.927893,2.128022,2012-01-11T08:23:13.893,-9999999,K5,185.D-0056(J),UNKNOWN,-9999999,HARPS_ech_obs_all,HARPS_ech_obs_thosimult,STAR_WAVE_K2,-9999999,-9999999,-9999999,-9999999,-9999999
HD110014,189.811484,-7.99359,2455937.8521785,-2.179037,0.886708,-18636.321904,1.001106,1.21226,0.2294,-18636.154165,0.198974,1.21226,0.2294,-3.234686,1.830793,3.622526,0.507024,0.486746,0.000278,0.107422,0.000213,0.161761,0.00029,0,8.142643,56.335942,0.096989,-18.64,286,2455937.85217,30.075031,30.075092,0.035,-9999999,0.052429,0.244388,0.85652,0.11531,0.981134,0.51,79.9997,-3.257043,1.831648,2012-01-11T08:25:15.990,-9999999,K5,185.D-0056(J),UNKNOWN,-9999999,HARPS_ech_obs_all,HARPS_ech_obs_thosimult,STAR_WAVE_K2,-9999999,-9999999,-9999999,-9999999,-9999999
HD110014,189.811484,-7.99359,2455937.8534704,-2.24674,0.887259,-18636.481287,1.001585,1.144151,0.231518,-18636.315976,0.201365,1.144151,0.231518,-9.253922,2.162714,3.94928,0.602539,0.487045,0.000281,0.107895,0.000216,0.161893,0.000293,0,8.142129,56.335324,0.097818,-18.64,283.2,2455937.85347,30.071938,30.07197,0.01,-9999999,0.052429,0.243982,0.856521,0.112882,0.981134,0.51,80.0057,-9.277467,2.161964,2012-01-11T08:27:07.596,-9999999,K5,185.D-0056(J),UNKNOWN,-9999999,HARPS_ech_obs_all,HARPS_ech_obs_thosimult,STAR_WAVE_K2,-9999999,-9999999,-9999999,-9999999,-9999999
HD110014,189.811484,-7.99359,2455937.8547585,-2.701448,0.887464,-18636.837403,1.001332,0.689038,0.232302,-18636.674513,0.200102,0.689038,0.232302,-6.063823,1.8178,4.882761,0.555927,0.487212,0.000277,0.107286,0.000213,0.161791,0.00029,0,8.142889,56.330443,0.097483,-18.64,285.9,2455937.85475,30.068845,30.068893,-0.148,-9999999,0.052429,0.243578,0.856521,0.110461,0.981135,0.5,80.0057,-6.084092,1.817749,2012-01-11T08:28:59.672,-9999999,K5,185.D-0056(J),UNKNOWN,-9999999,HARPS_ech_obs_all,HARPS_ech_obs_thosimult,STAR_WAVE_K2,-9999999,-9999999,-9999999,-9999999,-9999999
HD110014,189.811484,-7.99359,2455937.8560548,-2.439722,0.88619,-18636.679065,1.000701,0.950357,0.227382,-18636.518611,0.196916,0.950357,0.227382,-8.947043,1.994469,3.926859,0.502151,0.487549,0.000275,0.107476,0.000211,0.16197,0.000287,0,8.142264,56.331629,0.097249,-18.64,289.1,2455937.85605,30.065721,30.065777,-0.168,-9999999,0.052429,0.24317,0.856522,0.108025,0.981135,0.5,80.0057,-8.967669,1.994106,2012-01-11T08:30:51.669,-9999999,K5,185.D-0056(J),UNKNOWN,-9999999,HARPS_ech_obs_all,HARPS_ech_obs_thosimult,STAR_WAVE_K2,-9999999,-9999999,-9999999,-9999999,-9999999
HD110014,189.811484,-7.99359,2455937.8573561,-3.213393,0.887535,-18637.401023,1.001783,0.176277,0.23257,-18637.243015,0.202339,0.176277,0.23257,-2.677762,2.321328,2.886085,0.595072,0.487574,0.000284,0.107678,0.000218,0.161823,0.000296,0,8.141772,56.341201,0.098407,-18.64,280.6,2455937.85736,30.062574,30.062595,-0.074,-9999999,0.052429,0.242762,0.856522,0.105579,0.981136,0.51,80.0057,-2.699336,2.321259,2012-01-11T08:32:43.285,-9999999,K5,185.D-0056(J),UNKNOWN,-9999999,HARPS_ech_obs_all,HARPS_ech_obs_thosimult,STAR_WAVE_K2,-9999999,-9999999,-9999999,-9999999,-9999999
HD110014,189.811484,-7.99359,2455937.858644,-2.555602,0.888386,-18636.492839,1.002497,0.833664,0.235795,-18636.337252,0.205841,0.833664,0.235795,-7.180279,2.277733,2.614173,0.557771,0.487456,0.00029,0.107411,0.000222,0.16183,0.000302,0,8.142773,56.332947,0.097891,-18.64,274.9,2455937.85864,30.05945,30.059487,0.154,-9999999,0.052429,0.242357,0.856523,0.103158,0.981136,0.5,80.0058,-7.200731,2.27738,2012-01-11T08:34:35.351,-9999999,K5,185.D-0056(J),UNKNOWN,-9999999,HARPS_ech_obs_all,HARPS_ech_obs_thosimult,STAR_WAVE_K2,-9999999,-9999999,-9999999,-9999999,-9999999
HD110014,189.811484,-7.99359,2455937.8599339,-3.531389,0.89135,-18637.673179,1.004765,-0.142528,0.246723,-18637.520016,0.216616,-0.142528,0.246723,-5.119237,2.279893,3.436936,0.496768,0.486948,0.000303,0.107289,0.000233,0.161135,0.000317,0,8.141232,56.342957,0.099176,-18.64,262,2455937.85992,30.056312,30.056369,-0.139,-9999999,0.052429,0.241952,0.856523,0.100734,0.981137,0.5,80.0058,-5.141705,2.278975,2012-01-11T08:36:26.788,-9999999,K5,185.D-0056(J),UNKNOWN,-9999999,HARPS_ech_obs_all,HARPS_ech_obs_thosimult,STAR_WAVE_K2,-9999999,-9999999,-9999999,-9999999,-9999999
HD110014,189.811484,-7.99359,2455937.8613117,-2.64808,0.886552,-18637.036832,1.001126,0.740348,0.228783,-18636.886259,0.199052,0.740348,0.228783,-3.885116,2.066248,2.792811,0.477712,0.486616,0.00028,0.107267,0.000214,0.160549,0.000291,0,8.141843,56.339597,0.097919,-18.64,284.4,2455937.8613,30.052949,30.052988,-0.216,-9999999,0.052429,0.241519,0.856524,0.098144,0.981138,0.52,90.0001,-3.9161,2.066267,2012-01-11T08:38:19.014,-9999999,K5,185.D-0056(J),UNKNOWN,-9999999,HARPS_ech_obs_all,HARPS_ech_obs_thosimult,STAR_WAVE_K2,-9999999,-9999999,-9999999,-9999999,-9999999
HD110014,189.811484,-7.99359,2455937.8627948,-2.787753,0.888911,-18637.400241,1.003037,0.600209,0.237756,-18637.252455,0.208449,0.600209,0.237756,-3.401622,2.032945,2.212977,0.569315,0.48716,0.000296,0.107622,0.000226,0.161439,0.000307,0,8.142002,56.348828,0.097989,-18.64,270.2,2455937.86278,30.049317,30.049369,-0.185,-9999999,0.052429,0.241053,0.856524,0.095357,0.981138,0.49,90.0055,-3.424371,2.033231,2012-01-11T08:40:29.842,-9999999,K5,185.D-0056(J),UNKNOWN,-9999999,HARPS_ech_obs_all,HARPS_ech_obs_thosimult,STAR_WAVE_K2,-9999999,-9999999,-9999999,-9999999,-9999999
HD110014,189.811484,-7.99359,2455937.8644298,-2.404054,0.881705,-18636.798559,0.997425,0.983394,0.209208,-18636.653846,0.179508,0.983394,0.209208,-4.805388,1.970831,3.321421,0.52775,0.486739,0.000252,0.107103,0.000193,0.161596,0.000262,0,8.143307,56.336831,0.096132,-18.64,315.7,2455937.86443,30.045299,30.045341,0,-9999999,0.052429,0.24054,0.856525,0.092284,0.981139,0.53,120.0059,-4.830059,1.971457,2012-01-11T08:42:31.588,-9999999,K5,185.D-0056(J),UNKNOWN,-9999999,HARPS_ech_obs_all,HARPS_ech_obs_thosimult,STAR_WAVE_K2,-9999999,-9999999,-9999999,-9999999,-9999999
HD110014,189.811484,-7.99359,2455937.8659498,-2.967922,0.886304,-18637.107534,1.000982,0.419049,0.227812,-18636.965678,0.198315,0.419049,0.227812,-5.026668,1.990373,2.428637,0.484249,0.486351,0.000279,0.107502,0.000214,0.16108,0.00029,0,8.140234,56.342625,0.098775,-18.64,285.3,2455937.86594,30.04155,30.041583,-0.111,-9999999,0.052429,0.240062,0.856526,0.089427,0.98114,0.48,89.9999,-5.046059,1.990394,2012-01-11T08:45:03.307,-9999999,K5,185.D-0056(J),UNKNOWN,-9999999,HARPS_ech_obs_all,HARPS_ech_obs_thosimult,STAR_WAVE_K2,-9999999,-9999999,-9999999,-9999999,-9999999
HD110014,189.811484,-7.99359,2455937.867367,-3.217019,0.886823,-18637.206376,1.001342,0.169507,0.229821,-18637.067184,0.200125,0.169507,0.229821,-6.914462,1.906786,2.410562,0.503428,0.492026,0.000282,0.107234,0.000216,0.161825,0.000294,0,8.141451,56.345739,0.099143,-18.64,282.3,2455937.86736,30.038045,30.038099,-0.287,-9999999,0.052429,0.239617,0.856526,0.086763,0.98114,0.49,90.0058,-6.938033,1.9055,2012-01-11T08:47:04.844,-9999999,K5,185.D-0056(J),UNKNOWN,-9999999,HARPS_ech_obs_all,HARPS_ech_obs_thosimult,STAR_WAVE_K2,-9999999,-9999999,-9999999,-9999999,-9999999
HD110014,189.811484,-7.99359,2455937.8688174,-3.32621,0.889622,-18637.716166,1.003222,0.05986,0.240392,-18637.5797,0.209325,0.05986,0.240392,-2.852226,1.981701,3.279972,0.561542,0.492829,0.000295,0.1075,0.000226,0.161624,0.000308,0,8.141223,56.334895,0.097842,-18.64,269.7,2455937.86881,30.034446,30.034491,-0.295,-9999999,0.052429,0.239161,0.856527,0.084037,0.981141,0.48,100.0056,-2.875985,1.981145,2012-01-11T08:49:06.240,-9999999,K5,185.D-0056(J),UNKNOWN,-9999999,HARPS_ech_obs_all,HARPS_ech_obs_thosimult,STAR_WAVE_K2,-9999999,-9999999,-9999999,-9999999,-9999999
HD110014,189.811484,-7.99359,2455937.8705841,-4.079394,0.884993,-18638.509095,1.000035,-0.693879,0.222651,-18638.375949,0.19347,-0.693879,0.222651,-0.367223,2.115911,1.67176,0.595587,0.49178,0.000274,0.10733,0.00021,0.16212,0.000286,0,8.139801,56.350752,0.098271,-18.64,291,2455937.87057,30.03005,30.030096,0,-9999999,0.052429,0.238606,0.856528,0.080717,0.981142,0.53,120.0058,-0.385523,2.114974,2012-01-11T08:51:23.268,-9999999,K5,185.D-0056(J),UNKNOWN,-9999999,HARPS_ech_obs_all,HARPS_ech_obs_thosimult,STAR_WAVE_K2,-9999999,-9999999,-9999999,-9999999,-9999999
HD110014,189.811484,-7.99359,2455937.8723143,-4.19906,0.88468,-18638.511004,0.999837,-0.814088,0.221399,-18638.38111,0.19244,-0.814088,0.221399,-5.62465,1.946313,1.257275,0.537259,0.491997,0.000273,0.107464,0.000209,0.161913,0.000284,0,8.141193,56.345497,0.097987,-18.64,292.6,2455937.87231,30.025729,30.025771,0,-9999999,0.052429,0.238063,0.856529,0.077465,0.981143,0.51,120.0057,-5.640251,1.94465,2012-01-11T08:53:55.147,-9999999,K5,185.D-0056(J),UNKNOWN,-9999999,HARPS_ech_obs_all,HARPS_ech_obs_thosimult,STAR_WAVE_K2,-9999999,-9999999,-9999999,-9999999,-9999999
HD110014,189.811484,-7.99359,2455937.8741124,-4.111022,0.882016,-18638.452649,0.99784,-0.726615,0.210498,-18638.326134,0.181777,-0.726615,0.210498,-3.369023,1.972007,2.991737,0.465758,0.492382,0.000258,0.107752,0.000197,0.16145,0.000267,0,8.141114,56.341921,0.098618,-18.64,309.9,2455937.8741,30.021224,30.02126,0,-9999999,0.05243,0.237498,0.856529,0.074085,0.981144,0.54,120.0058,-3.390714,1.970134,2012-01-11T08:56:26.886,-9999999,K5,185.D-0056(J),UNKNOWN,-9999999,HARPS_ech_obs_all,HARPS_ech_obs_thosimult,STAR_WAVE_K2,-9999999,-9999999,-9999999,-9999999,-9999999
HD110014,189.811484,-7.99359,2455937.8757895,-4.125303,0.880222,-18638.19674,0.996483,-0.741423,0.202847,-18638.073377,0.174164,-0.741423,0.202847,-10.888814,2.046327,1.753009,0.468444,0.492835,0.000247,0.107822,0.000189,0.161853,0.000256,0,8.141157,56.348994,0.098674,-18.64,323.3,2455937.87578,30.01701,30.017054,0,-9999999,0.05243,0.236971,0.85653,0.070933,0.981144,0.48,120.0058,-10.914266,2.043075,2012-01-11T08:58:58.974,-9999999,K5,185.D-0056(J),UNKNOWN,-9999999,HARPS_ech_obs_all,HARPS_ech_obs_thosimult,STAR_WAVE_K2,-9999999,-9999999,-9999999,-9999999,-9999999
HD110014,189.811484,-7.99359,2455937.8775736,-4.456381,0.884355,-18638.916858,0.999411,-1.073061,0.220087,-18638.796848,0.190202,-1.073061,0.220087,-5.583059,1.575607,1.802282,0.513551,0.492876,0.00027,0.107923,0.000207,0.161907,0.000281,0,8.138634,56.35175,0.098418,-18.64,295.5,2455937.87757,30.012514,30.012573,0,-9999999,0.05243,0.236411,0.856531,0.06758,0.981145,0.5,120.0058,-5.60175,1.572392,2012-01-11T09:01:30.703,-9999999,K5,185.D-0056(J),UNKNOWN,-9999999,HARPS_ech_obs_all,HARPS_ech_obs_thosimult,STAR_WAVE_K2,-9999999,-9999999,-9999999,-9999999,-9999999
HD110014,189.811484,-7.99359,2455938.8424157,-24.034041,0.882016,-18658.571086,0.997896,-20.711252,0.210549,-18658.512205,0.182155,-20.711252,0.210549,0.530778,1.920443,-10.182678,0.557649,0.492383,0.000268,0.10776,0.000202,0.162018,0.000275,0,8.130191,56.401564,0.100226,-18.64,303.1,2455938.84241,30.014146,30.014193,-0.256,-9999999,0.052468,0.17588,0.856516,0.006413,0.98113,0.52,120.0054,0.516769,1.871933,2012-01-12T08:10:42.354,-9999999,K5,185.D-0056(J),UNKNOWN,-9999999,HARPS_ech_obs_all,HARPS_ech_obs_thosimult,STAR_WAVE_K2,-9999999,-9999999,-9999999,-9999999,-9999999
HD110014,189.811484,-7.99359,2455938.8453395,-24.611647,0.880564,-18659.394425,0.996778,-21.289776,0.204379,-18659.34104,0.175921,-21.289776,0.204379,2.975405,2.028516,-10.817355,0.513362,0.491567,0.000247,0.107484,0.00019,0.162043,0.000258,0,8.130999,56.404042,0.100944,-18.64,321.9,2455938.84534,30.007246,30.0073,-0.36,-9999999,0.052468,0.174962,0.856518,0.000917,0.981131,0.5,120.0057,2.965144,1.972693,2012-01-12T08:14:57.349,-9999999,K5,185.D-0056(J),UNKNOWN,-9999999,HARPS_ech_obs_all,HARPS_ech_obs_thosimult,STAR_WAVE_K2,-9999999,-9999999,-9999999,-9999999,-9999999
HD110014,189.811484,-7.99359,2455938.8470933,-24.877286,0.880392,-18659.299471,0.996722,-21.555966,0.203635,-18659.249382,0.175599,-21.555966,0.203635,1.829506,1.948005,-10.287395,0.499684,0.491718,0.000247,0.107561,0.00019,0.16226,0.000258,0,8.129693,56.406739,0.100186,-18.64,322,2455938.84708,30.003079,30.003132,-0.165,-9999999,0.052468,0.174411,0.856518,-0.002379,0.981132,0.5,120.0059,1.814213,1.877702,2012-01-12T08:17:28.857,-9999999,K5,185.D-0056(J),UNKNOWN,-9999999,HARPS_ech_obs_all,HARPS_ech_obs_thosimult,STAR_WAVE_K2,-9999999,-9999999,-9999999,-9999999,-9999999
HD110014,189.811484,-7.99359,2455938.848731,-25.113694,0.882872,-18659.639178,0.998426,-21.792889,0.214101,-18659.592167,0.185026,-21.792889,0.214101,5.255186,1.621858,-9.784889,0.538586,0.491611,0.00026,0.10741,0.000199,0.161991,0.000271,0,8.130538,56.399551,0.10073,-18.64,306.2,2455938.84873,29.999169,29.999218,-0.297,-9999999,0.052468,0.173896,0.856519,-0.005457,0.981132,0.5,100,5.24329,1.543364,2012-01-12T08:20:00.346,-9999999,K5,185.D-0056(J),UNKNOWN,-9999999,HARPS_ech_obs_all,HARPS_ech_obs_thosimult,STAR_WAVE_K2,-9999999,-9999999,-9999999,-9999999,-9999999
HD110014,189.811484,-7.99359,2455938.850269,-24.735239,0.883038,-18659.781178,0.998705,-21.414917,0.214779,-18659.737058,0.186522,-21.414917,0.214779,4.579021,2.003484,-10.324658,0.51811,0.49202,0.000263,0.107621,0.000202,0.161318,0.000274,0,8.129847,56.405281,0.100767,-18.64,303.1,2455938.85027,29.995481,29.995536,-0.126,-9999999,0.052468,0.173413,0.856519,-0.008348,0.981133,0.51,100.0001,4.566155,1.941984,2012-01-12T08:22:12.213,-9999999,K5,185.D-0056(J),UNKNOWN,-9999999,HARPS_ech_obs_all,HARPS_ech_obs_thosimult,STAR_WAVE_K2,-9999999,-9999999,-9999999,-9999999,-9999999
HD110014,189.811484,-7.99359,2455938.8517799,-24.924916,0.883048,-18659.699814,0.998595,-21.605068,0.214821,-18659.658532,0.185927,-21.605068,0.214821,3.34401,2.059194,-10.21633,0.514523,0.491863,0.000262,0.107839,0.000201,0.162032,0.000273,0,8.130011,56.400954,0.100878,-18.64,304.3,2455938.85177,29.991844,29.991896,-0.22,-9999999,0.052469,0.172939,0.85652,-0.011187,0.981134,0.5,100.0057,3.333572,2.000454,2012-01-12T08:24:23.740,-9999999,K5,185.D-0056(J),UNKNOWN,-9999999,HARPS_ech_obs_all,HARPS_ech_obs_thosimult,STAR_WAVE_K2,-9999999,-9999999,-9999999,-9999999,-9999999
HD110014,189.811484,-7.99359,2455938.853462,-24.136565,0.882718,-18659.022456,0.99827,-20.817246,0.213457,-18658.984336,0.184172,-20.817246,0.213457,2.415683,1.928083,-9.274444,0.493828,0.491701,0.000259,0.107907,0.000199,0.161923,0.00027,0,8.130637,56.397769,0.100321,-18.64,307.7,2455938.85346,29.987777,29.987821,-0.299,-9999999,0.052469,0.17241,0.856521,-0.014349,0.981134,0.51,100.0056,2.396511,1.855167,2012-01-12T08:26:48.059,-9999999,K5,185.D-0056(J),UNKNOWN,-9999999,HARPS_ech_obs_all,HARPS_ech_obs_thosimult,STAR_WAVE_K2,-9999999,-9999999,-9999999,-9999999,-9999999
HD110014,189.811484,-7.99359,2455938.8549732,-24.319015,0.881854,-18659.182167,0.997843,-21.00017,0.209854,-18659.146887,0.181838,-21.00017,0.209854,6.768876,2.115131,-8.960357,0.625244,0.491591,0.000258,0.107248,0.000197,0.161722,0.000268,0,8.13109,56.396334,0.099887,-18.64,310.2,2455938.85497,29.984109,29.984151,-0.296,-9999999,0.052469,0.171936,0.856521,-0.017189,0.981135,0.5,100.0004,6.752785,2.056064,2012-01-12T08:28:59.616,-9999999,K5,185.D-0056(J),UNKNOWN,-9999999,HARPS_ech_obs_all,HARPS_ech_obs_thosimult,STAR_WAVE_K2,-9999999,-9999999,-9999999,-9999999,-9999999
HD110014,189.811484,-7.99359,2455938.8564863,-25.196477,0.881249,-18659.540736,0.997379,-21.878108,0.207294,-18659.5083,0.179272,-21.878108,0.207294,8.514102,2.136721,-9.583719,0.477998,0.492141,0.000254,0.107946,0.000194,0.161988,0.000264,0,8.130256,56.402935,0.101051,-18.64,314.8,2455938.85648,29.980422,29.980466,-0.412,-9999999,0.052469,0.17146,0.856522,-0.020033,0.981136,0.49,100.0002,8.498916,2.070692,2012-01-12T08:31:11.334,-9999999,K5,185.D-0056(J),UNKNOWN,-9999999,HARPS_ech_obs_all,HARPS_ech_obs_thosimult,STAR_WAVE_K2,-9999999,-9999999,-9999999,-9999999,-9999999
HD110014,189.811484,-7.99359,2455938.8580202,-25.029928,0.881374,-18659.676299,0.997418,-21.712041,0.207821,-18659.646746,0.179485,-21.712041,0.207821,7.856947,1.808651,-9.271753,0.412989,0.492335,0.000254,0.107872,0.000195,0.162475,0.000265,0,8.131511,56.399205,0.099695,-18.64,314.5,2455938.85801,29.976671,29.97674,-0.561,-9999999,0.052469,0.170979,0.856522,-0.022916,0.981136,0.49,100.0001,7.838745,1.719083,2012-01-12T08:33:23.851,-9999999,K5,185.D-0056(J),UNKNOWN,-9999999,HARPS_ech_obs_all,HARPS_ech_obs_thosimult,STAR_WAVE_K2,-9999999,-9999999,-9999999,-9999999,-9999999
HD110014,189.811484,-7.99359,2455938.8595544,-24.677431,0.881873,-18659.750045,0.997933,-21.360026,0.209926,-18659.723376,0.182318,-21.360026,0.209926,10.622483,1.863497,-9.26539,0.509446,0.492562,0.000258,0.107399,0.000197,0.161813,0.000268,0,8.131426,56.39841,0.099458,-18.64,309.8,2455938.85955,29.972906,29.972944,-0.312,-9999999,0.052469,0.170497,0.856523,-0.0258,0.981137,0.5,100.0001,10.608887,1.774256,2012-01-12T08:35:35.399,-9999999,K5,185.D-0056(J),UNKNOWN,-9999999,HARPS_ech_obs_all,HARPS_ech_obs_thosimult,STAR_WAVE_K2,-9999999,-9999999,-9999999,-9999999,-9999999
HD110014,189.811484,-7.99359,2455938.8610744,-25.598914,0.881603,-18660.507473,0.997483,-22.281986,0.208784,-18660.483661,0.179835,-22.281986,0.208784,11.165499,1.943392,-8.335338,0.496222,0.492411,0.000254,0.108079,0.000195,0.161504,0.000264,0,8.132909,56.395586,0.100902,-18.64,314.5,2455938.86107,29.969163,29.96922,-0.262,-9999999,0.052469,0.170019,0.856524,-0.028657,0.981138,0.5,99.9996,11.152235,1.856892,2012-01-12T08:37:46.706,-9999999,K5,185.D-0056(J),UNKNOWN,-9999999,HARPS_ech_obs_all,HARPS_ech_obs_thosimult,STAR_WAVE_K2,-9999999,-9999999,-9999999,-9999999,-9999999
HD110014,189.811484,-7.99359,2455938.8625861,-25.015779,0.881633,-18659.655633,0.997636,-21.699326,0.20891,-18659.634662,0.180682,-21.699326,0.20891,5.081136,2.170616,-8.188519,0.526564,0.491803,0.000255,0.108117,0.000196,0.16162,0.000265,0,8.132586,56.392988,0.10087,-18.64,313,2455938.86258,29.965428,29.965483,-0.366,-9999999,0.052469,0.169544,0.856524,-0.031498,0.981138,0.49,100,5.070253,2.098177,2012-01-12T08:39:58.303,-9999999,K5,185.D-0056(J),UNKNOWN,-9999999,HARPS_ech_obs_all,HARPS_ech_obs_thosimult,STAR_WAVE_K2,-9999999,-9999999,-9999999,-9999999,-9999999
HD110014,189.811484,-7.99359,2455938.8641312,-24.879558,0.882775,-18659.670278,0.99847,-21.56359,0.213676,-18659.652211,0.185227,-21.56359,0.213676,7.135254,2.003255,-7.469424,0.478034,0.49241,0.000263,0.107794,0.000201,0.161831,0.000273,0,8.131555,56.391247,0.100234,-18.64,303.9,2455938.86412,29.961598,29.961649,-0.455,-9999999,0.052469,0.169059,0.856525,-0.034402,0.981139,0.51,99.9997,7.124462,1.922412,2012-01-12T08:42:09.791,-9999999,K5,185.D-0056(J),UNKNOWN,-9999999,HARPS_ech_obs_all,HARPS_ech_obs_thosimult,STAR_WAVE_K2,-9999999,-9999999,-9999999,-9999999,-9999999
HD110014,189.811484,-7.99359,2455938.8656489,-24.606554,0.88006,-18659.224856,0.996418,-21.291063,0.202161,-18659.209641,0.173823,-21.291063,0.202161,7.441116,2.020062,-9.065889,0.499467,0.491888,0.000246,0.107662,0.000188,0.161531,0.000255,0,8.131073,56.400321,0.100207,-18.64,325.2,2455938.86564,29.957824,29.957888,-0.359,-9999999,0.052469,0.168582,0.856526,-0.037254,0.98114,0.5,100.0057,7.423251,1.933819,2012-01-12T08:44:21.908,-9999999,K5,185.D-0056(J),UNKNOWN,-9999999,HARPS_ech_obs_all,HARPS_ech_obs_thosimult,STAR_WAVE_K2,-9999999,-9999999,-9999999,-9999999,-9999999
HD110014,189.811484,-7.99359,2455938.8671773,-25.165217,0.881283,-18659.502822,0.997263,-21.850206,0.207417,-18659.49048,0.178599,-21.850206,0.207417,5.359284,1.724106,-8.87606,0.493711,0.492624,0.000253,0.107931,0.000194,0.162049,0.000263,0,8.130756,56.397573,0.100402,-18.64,315.8,2455938.86717,29.954011,29.954087,-0.564,-9999999,0.052469,0.168102,0.856526,-0.040127,0.98114,0.49,100.0056,5.343658,1.618091,2012-01-12T08:46:34.946,-9999999,K5,185.D-0056(J),UNKNOWN,-9999999,HARPS_ech_obs_all,HARPS_ech_obs_thosimult,STAR_WAVE_K2,-9999999,-9999999,-9999999,-9999999,-9999999
HD110014,189.811484,-7.99359,2455938.8687852,-24.702401,0.881438,-18659.43721,0.997588,-21.387895,0.208072,-18659.42789,0.1804,-21.387895,0.208072,7.419818,2.229974,-7.627062,0.514874,0.492157,0.000256,0.107387,0.000195,0.161674,0.000265,0,8.132857,56.397285,0.099926,-18.64,312.9,2455938.86878,29.949989,29.950045,-0.204,-9999999,0.052469,0.167597,0.856527,-0.043149,0.981141,0.5,100,7.403091,2.149669,2012-01-12T08:48:52.854,-9999999,K5,185.D-0056(J),UNKNOWN,-9999999,HARPS_ech_obs_all,HARPS_ech_obs_thosimult,STAR_WAVE_K2,-9999999,-9999999,-9999999,-9999999,-9999999
HD110014,189.811484,-7.99359,2455938.8703119,-24.877912,0.880601,-18659.578984,0.996888,-21.563886,0.204497,-18659.572534,0.176485,-21.563886,0.204497,6.9971,1.655484,-7.289752,0.510196,0.491866,0.00025,0.108057,0.000191,0.165081,0.000259,0,8.132409,56.395214,0.100357,-18.64,320,2455938.8703,29.946158,29.946221,-0.546,-9999999,0.052469,0.167117,0.856528,-0.046019,0.981142,0.5,100.0057,6.980912,1.535876,2012-01-12T08:51:04.751,-9999999,K5,185.D-0056(J),UNKNOWN,-9999999,HARPS_ech_obs_all,HARPS_ech_obs_thosimult,STAR_WAVE_K2,-9999999,-9999999,-9999999,-9999999,-9999999
HD110014,189.811484,-7.99359,2455938.871837,-24.667828,0.88264,-18659.28268,0.998245,-21.354281,0.213103,-18659.279096,0.183992,-21.354281,0.213103,7.687754,1.886791,-7.412024,0.537789,0.491515,0.000261,0.108021,0.0002,0.164948,0.000271,0,8.132191,56.392924,0.100077,-18.64,306.3,2455938.87183,29.94232,29.942358,-0.339,-9999999,0.052469,0.166638,0.856528,-0.048885,0.981142,0.5,100,7.668971,1.799352,2012-01-12T08:53:16.509,-9999999,K5,185.D-0056(J),UNKNOWN,-9999999,HARPS_ech_obs_all,HARPS_ech_obs_thosimult,STAR_WAVE_K2,-9999999,-9999999,-9999999,-9999999,-9999999
HD110014,189.811484,-7.99359,2455938.8733701,-24.554794,0.881728,-18659.135782,0.997652,-21.241728,0.209292,-18659.135079,0.180743,-21.241728,0.209292,7.354025,2.16114,-6.823563,0.534302,0.491632,0.000256,0.107728,0.000196,0.165714,0.000266,0,8.133076,56.389856,0.099466,-18.64,312.5,2455938.87336,29.938453,29.938514,-0.534,-9999999,0.052469,0.166157,0.856529,-0.051766,0.981143,0.51,100.0055,7.336773,2.076754,2012-01-12T08:55:27.946,-9999999,K5,185.D-0056(J),UNKNOWN,-9999999,HARPS_ech_obs_all,HARPS_ech_obs_thosimult,STAR_WAVE_K2,-9999999,-9999999,-9999999,-9999999,-9999999
HD110014,189.811484,-7.99359,2455938.8748892,-24.357182,0.882409,-18658.955413,0.998269,-21.044594,0.21214,-18658.957566,0.184113,-21.044594,0.21214,5.973544,1.666724,-7.038435,0.456893,0.491366,0.000262,0.108304,0.000201,0.16568,0.000272,0,8.133444,56.387682,0.100481,-18.64,305.7,2455938.87489,29.934611,29.934659,-0.388,-9999999,0.052469,0.16568,0.85653,-0.054622,0.981144,0.51,100.0056,5.959151,1.563227,2012-01-12T08:57:39.183,-9999999,K5,185.D-0056(J),UNKNOWN,-9999999,HARPS_ech_obs_all,HARPS_ech_obs_thosimult,STAR_WAVE_K2,-9999999,-9999999,-9999999,-9999999,-9999999
HD110014,189.811484,-7.99359,2455938.8763991,-24.427056,0.8816,-18659.093501,0.997563,-21.114942,0.208746,-18659.09849,0.180239,-21.114942,0.208746,7.819863,1.844769,-6.0742,0.521975,0.491588,0.000255,0.107518,0.000195,0.16538,0.000265,0,8.133614,56.383726,0.100336,-18.64,313.3,2455938.87639,29.930782,29.930826,-0.451,-9999999,0.05247,0.165205,0.85653,-0.057459,0.981145,0.5,100,7.805559,1.75252,2012-01-12T08:59:50.631,-9999999,K5,185.D-0056(J),UNKNOWN,-9999999,HARPS_ech_obs_all,HARPS_ech_obs_thosimult,STAR_WAVE_K2,-9999999,-9999999,-9999999,-9999999,-9999999
HD110014,189.811484,-7.99359,2455938.8780808,-23.862473,0.881745,-18658.063812,0.997662,-20.550887,0.209354,-18658.071962,0.180786,-20.550887,0.209354,1.597028,1.821686,-6.471209,0.467908,0.491818,0.000257,0.107767,0.000196,0.165475,0.000266,0,8.133659,56.389112,0.10005,-18.64,311.5,2455938.87807,29.926508,29.926571,-0.671,-9999999,0.05247,0.164677,0.856531,-0.06062,0.981145,0.49,100.0001,1.583412,1.709021,2012-01-12T09:02:16.919,-9999999,K5,185.D-0056(J),UNKNOWN,-9999999,HARPS_ech_obs_all,HARPS_ech_obs_thosimult,STAR_WAVE_K2,-9999999,-9999999,-9999999,-9999999,-9999999
HD110014,189.811484,-7.99359,2455938.8796283,-24.82023,0.883341,-18659.525414,0.998893,-21.50913,0.215975,-18659.536473,0.187454,-21.50913,0.215975,8.693256,2.19091,-5.95124,0.567508,0.491866,0.000267,0.107826,0.000204,0.16559,0.000277,0,8.133291,56.383974,0.100151,-18.64,300,2455938.87962,29.922565,29.922629,-0.549,-9999999,0.05247,0.164191,0.856532,-0.063529,0.981146,0.51,100.0057,8.669384,2.097979,2012-01-12T09:04:28.607,-9999999,K5,185.D-0056(J),UNKNOWN,-9999999,HARPS_ech_obs_all,HARPS_ech_obs_thosimult,STAR_WAVE_K2,-9999999,-9999999,-9999999,-9999999,-9999999
