target,BJD,RV_mlc_nzp,e_RV_mlc_nzp
HD69830,2452939.87402496,30295.4332159745,0.276256148922747
HD69830,2452943.87609052,30299.4198913051,0.249723509350118
HD69830,2452946.8630704,30296.162415105,0.240978599212971
HD69830,2452997.80895233,30295.0520767631,0.615634529844772
HD69830,2453000.71117412,30297.880611092,0.557806829612249
HD69830,2453035.77971113,30300.6913159802,0.25958756289003
HD69830,2453038.6994163,30303.3382449321,0.383841743494322
HD69830,2453049.6298505,30295.4417745121,0.152543673141337
HD69830,2453058.63753872,30295.733240363,0.296501255848271
HD69830,2453064.60823211,30304.1473984161,0.30441001687076
HD69830,2453066.62804263,30297.5366478299,0.263581663678995
HD69830,2453146.50389262,30292.3773054278,0.364831881619053
HD69830,2453147.4652866,30290.6666750529,0.466520845253989
HD69830,2453150.45992589,30297.4568086429,0.307638953029548
HD69830,2453151.45979121,30293.0346042766,0.521155258308905
HD69830,2453154.45524766,30290.517060502,0.492712533557905
HD69830,2453155.45369199,30299.3054674033,0.290036218086286
HD69830,2453156.51940059,30294.0420995002,0.341548246698497
HD69830,2453158.47880708,30299.3227051593,0.631776076036511
HD69830,2453159.47188426,30300.4799418635,0.363066977574132
HD69830,2453308.84419646,30291.426439648,0.374899238189322
HD69830,2453308.84623367,30291.0964416046,0.406393150271944
HD69830,2453308.84838663,30289.6674282284,0.351490663068963
HD69830,2453308.85051644,30290.2111274001,0.340102571171403
HD69830,2453308.85263468,30289.5161466066,0.343661324604271
HD69830,2453309.8496064,30288.6343179701,0.27683507576752
HD69830,2453309.85208346,30288.6925189069,0.26440213599937
HD69830,2453309.8545258,30288.701476786,0.273911715637158
HD69830,2453309.85699129,30290.0093863191,0.271310464821872
HD69830,2453310.83022262,30290.3604727994,0.250242557910634
HD69830,2453310.83291961,30290.0744175689,0.249612550851582
HD69830,2453310.83560502,30289.5367202024,0.244898581101
HD69830,2453310.83830201,30289.624659387,0.24198036386908
HD69830,2453315.77831922,30295.989053103,0.342860076945285
HD69830,2453315.78064581,30297.4419083212,0.292947299402087
HD69830,2453315.78301869,30296.6730829011,0.32338953412619
HD69830,2453315.78558836,30297.4387316055,0.344629604700149
HD69830,2453315.78808857,30298.5770644228,0.303079881726279
HD69830,2453315.79047303,30297.6890645544,0.275548492324959
HD69830,2453336.87245408,30287.6330513239,0.240308648590198
HD69830,2453336.87593814,30288.3707795706,0.229349138865441
HD69830,2453336.87944536,30288.2950604995,0.208013578528074
HD69830,2453338.86713303,30290.7740830545,0.217648662658268
HD69830,2453338.86980684,30291.1177244961,0.223894739196319
HD69830,2453338.87246908,30290.4166491151,0.218396053656426
HD69830,2453338.87513132,30290.944812831,0.226099405762041
HD69830,2453339.86917673,30293.2331955642,0.200917609079005
HD69830,2453339.87257976,30293.3756778918,0.205418371187291
HD69830,2453339.87615642,30292.7386676097,0.207581587279522
HD69830,2453340.86955293,30296.0746967515,0.188696632029514
HD69830,2453340.87300227,30295.2235105398,0.182933291358789
HD69830,2453340.8764516,30294.4448539648,0.17947717107879
HD69830,2453341.87296105,30295.6935567336,0.185477854733242
HD69830,2453341.87665346,30295.5842024674,0.188166926822433
HD69830,2453341.88023011,30294.5323677843,0.181070354879971
HD69830,2453366.79806209,30300.6783050885,0.456244789155155
HD69830,2453366.79912696,30297.6105848442,0.431506185333898
HD69830,2453366.80023812,30297.9768501725,0.402864555915804
HD69830,2453366.80129142,30298.9074887848,0.394350962356879
HD69830,2453366.80235628,30297.8812534068,0.406588912482342
HD69830,2453366.80337485,30298.087148202,0.406581421364335
HD69830,2453366.80443972,30299.0671859452,0.410802674863332
HD69830,2453366.80548143,30298.6798967416,0.404833687537236
HD69830,2453366.80655788,30300.3695577181,0.408624355513311
HD69830,2453366.80758802,30299.0517404335,0.408761237608531
HD69830,2453400.7067785,30296.993072416,0.390289101492492
HD69830,2453400.71168591,30298.6220786348,0.383233956377756
HD69830,2453401.69742679,30298.7578022848,0.230262012717727
HD69830,2453402.70107126,30298.5676261521,0.218758915891281
HD69830,2453402.70541153,30297.6577254731,0.208546401827338
HD69830,2453403.72970255,30295.8165159242,0.176941860818245
HD69830,2453403.73415856,30296.5698291833,0.178186663962102
HD69830,2453404.67442065,30294.4918882713,0.192098293085791
HD69830,2453404.67755721,30294.6709711775,0.194525704971883
HD69830,2453404.68069377,30293.8414098642,0.191209735031135
HD69830,2453405.77771275,30293.2030358434,0.239382287071832
HD69830,2453405.78064097,30292.1838002141,0.247928547189709
HD69830,2453405.78353447,30292.9194945012,0.242969359080682
HD69830,2453406.71877057,30293.5805954188,0.22773493244573
HD69830,2453406.7218261,30293.5269903784,0.221613996571985
HD69830,2453406.72497422,30293.6586052654,0.216431215685826
HD69830,2453407.68047501,30294.7883056775,0.198486544295922
HD69830,2453407.68466478,30294.2810189259,0.193856458429635
HD69830,2453408.64247898,30296.8211550879,0.261498170195752
HD69830,2453408.64556923,30296.764859925,0.249433905197502
HD69830,2453408.64874049,30296.7989418368,0.272144756233473
HD69830,2453409.73887804,30300.9812539448,0.32921638329925
HD69830,2453409.74199142,30301.4970968329,0.324779799437584
HD69830,2453409.74512796,30300.8375098103,0.330191486412524
HD69830,2453410.6643518,30303.2968940779,0.313203899865656
HD69830,2453410.66768508,30302.4701271733,0.304225492392069
HD69830,2453410.67077532,30302.8442003443,0.281238727356724
HD69830,2453411.65482328,30303.1512181658,0.31950243948894
HD69830,2453411.65787879,30303.0894781778,0.305942425621657
HD69830,2453411.66105004,30302.6817789276,0.321392641495579
HD69830,2453412.69605634,30299.794305222,0.303157921855622
HD69830,2453412.69945906,30299.1086763495,0.29688476051063
HD69830,2453412.70259558,30299.5688569499,0.329981656730436
HD69830,2453466.61455129,30293.1062670526,0.326306303821604
HD69830,2453466.61675019,30291.9779646031,0.320033966742128
HD69830,2453466.61899539,30291.6449283019,0.327893944739857
HD69830,2453466.62111328,30292.5507496843,0.363469223815256
HD69830,2453466.62343949,30292.1775583891,0.354456108740069
HD69830,2453467.52012964,30293.0481060598,0.361350908318538
HD69830,2453467.52234012,30292.0102825565,0.3606376143963
HD69830,2453467.52456217,30293.580033708,0.348578505114911
HD69830,2453467.52683051,30293.0622966745,0.358762711176198
HD69830,2453467.52901785,30291.3877484548,0.354899439586085
HD69830,2453491.48192855,30293.984876843,0.237985266993977
HD69830,2453491.48720589,30295.102359643,0.231561431913878
HD69830,2453669.86405407,30302.1312108139,0.215814114381081
HD69830,2453669.86741084,30302.0812189148,0.21150303963075
HD69830,2453669.87101068,30302.2046924773,0.223315509202504
HD69830,2453670.81998015,30302.32539315,0.255363754426467
HD69830,2453670.82345267,30303.0167363039,0.277404222238306
HD69830,2453670.82699464,30303.1236234799,0.253943444782391
HD69830,2453671.84149069,30300.1126710871,0.223730886264031
HD69830,2453671.84503265,30301.343047371,0.21398377003277
HD69830,2453671.84841257,30299.9635565242,0.23309567947144
HD69830,2453672.8498984,30298.45485712,0.233144064477328
HD69830,2453672.85341722,30298.179779409,0.223084565095298
HD69830,2453672.85678557,30298.7766813391,0.244105018682253
HD69830,2453674.87265219,30294.536967857,0.186122318133246
HD69830,2453674.87611314,30295.7472721262,0.186725790054031
HD69830,2453674.87953935,30294.6950950116,0.194260290482288
HD69830,2453675.8450386,30295.5653927055,0.161625001716544
HD69830,2453675.84853427,30295.085713426,0.161207971106649
HD69830,2453675.85199521,30294.1547306728,0.15902670592576
HD69830,2453692.8454698,30292.1871760306,0.26435431060137
HD69830,2453692.84814363,30292.8660361847,0.269842416343911
HD69830,2453692.85079431,30292.0352902409,0.237936930919143
HD69830,2453692.85349129,30292.0832112462,0.232678870201623
HD69830,2453693.82286496,30292.2030073824,0.187703675519829
HD69830,2453693.82668472,30293.7383711595,0.192180595064715
HD69830,2453693.8304929,30293.3343316857,0.186601657647417
HD69830,2453694.83633906,30296.6608579132,0.197532160910774
HD69830,2453694.84026299,30296.8911033794,0.195491234960568
HD69830,2453694.8440596,30296.4759078455,0.19416059804747
HD69830,2453695.8260029,30300.2136136837,0.217634294586809
HD69830,2453695.82939438,30300.0864270788,0.216050772039097
HD69830,2453695.83297106,30300.651162411,0.200974368368357
HD69830,2453696.81081635,30299.7891519247,0.176637221769738
HD69830,2453696.81430043,30299.8655633745,0.181948836978777
HD69830,2453696.81778451,30299.8433128596,0.183452531434533
HD69830,2453697.84008891,30300.9539670552,0.383273499063392
HD69830,2453697.84338778,30300.3064613145,0.297248727330273
HD69830,2453697.84682556,30300.7238063069,0.304060331973161
HD69830,2453698.80087167,30297.2357536296,0.282505478771716
HD69830,2453698.80420527,30296.890819212,0.304045285097291
HD69830,2453698.80777036,30297.0426612501,0.319185087025508
HD69830,2453699.82980746,30294.1335517415,0.200406869163263
HD69830,2453699.83325681,30293.4812848521,0.201727613943675
HD69830,2453699.8367293,30293.3851558099,0.19642798203706
HD69830,2453700.86184474,30294.4845806011,0.18813607093485
HD69830,2453700.86507417,30294.4257692018,0.170832255521631
HD69830,2453700.86856981,30294.9720679317,0.181375690258187
HD69830,2453724.8528512,30292.9431994195,0.175987555632832
HD69830,2453724.85613843,30293.4508604107,0.182963043325981
HD69830,2453724.85937935,30294.1965196757,0.18710145742719
HD69830,2453725.80145843,30291.2454748692,0.17004805430589
HD69830,2453725.80474566,30291.8518677232,0.166181859269406
HD69830,2453725.80796343,30291.6705472307,0.175443795842704
HD69830,2453726.84513935,30292.1044721207,0.185453107175224
HD69830,2453726.84844972,30291.7020829094,0.186581557448936
HD69830,2453726.85166749,30291.4249903885,0.185342710182123
HD69830,2453727.7610922,30292.8917542274,0.215401733332219
HD69830,2453727.76432154,30292.8496967977,0.213463455063029
HD69830,2453727.76756246,30292.3767825931,0.211132112606392
HD69830,2453728.74057753,30293.296681526,0.190927033131677
HD69830,2453728.74394577,30293.6948569162,0.193800474127314
HD69830,2453728.74710566,30293.7964634683,0.186110231666263
HD69830,2453729.85986063,30297.671592905,0.212565177895361
HD69830,2453729.86303209,30297.4367106507,0.231166796384501
HD69830,2453729.86646977,30298.6750462904,0.230835726519593
HD69830,2453757.63714688,30297.0654338257,0.229605353446025
HD69830,2453757.64102424,30297.745940259,0.233951964642774
HD69830,2453757.64497105,30296.9257490847,0.221652879592576
HD69830,2453758.68863003,30298.0698015516,0.223167699405819
HD69830,2453758.69262313,30298.1710115453,0.209497253754272
HD69830,2453758.69639633,30298.1977546875,0.200418712027319
HD69830,2453759.64470546,30294.4716997633,0.186511726065465
HD69830,2453759.64847864,30295.2314803771,0.190019989276528
HD69830,2453759.65252961,30295.6290283084,0.212129130069128
HD69830,2453760.65334943,30293.3520035957,0.219004824435016
HD69830,2453760.6572615,30294.2640844329,0.220356733418167
HD69830,2453760.66112727,30293.8945747657,0.211423823563642
HD69830,2453761.70894823,30294.3723444428,0.228542207020318
HD69830,2453761.71275612,30293.6148021425,0.226780765892513
HD69830,2453761.71665662,30293.8959049655,0.223658682012335
HD69830,2453762.6621142,30294.4559967723,0.212925517743286
HD69830,2453762.66579478,30294.5490809757,0.204601822943629
HD69830,2453762.66970684,30294.6301069744,0.231660619784163
HD69830,2453763.69893658,30299.0064128803,0.182561463230415
HD69830,2453763.70280233,30299.2625674366,0.185617001350355
HD69830,2453763.70663337,30298.6304449787,0.192803630661103
HD69830,2453764.7286161,30301.1438762948,0.187195816210628
HD69830,2453764.73244713,30300.653995224,0.181650519169282
HD69830,2453764.73637075,30299.6617230395,0.196273842822868
HD69830,2453765.65736798,30302.4401933394,0.173484642131227
HD69830,2453765.66121057,30301.7451643001,0.16409232888528
HD69830,2453765.66508789,30301.1823975664,0.163689915290285
HD69830,2453782.63803158,30298.9331543202,0.162372089060079
HD69830,2453782.64290415,30298.2884916675,0.181647000284981
HD69830,2453783.65495111,30299.3081704241,0.18633474221526
HD69830,2453783.66011302,30298.1762567386,0.19992831576828
HD69830,2453784.6749015,30297.1036398527,0.207306736878596
HD69830,2453784.6797972,30297.2847574714,0.196462793147812
HD69830,2453785.66898309,30296.0645051403,0.214685538493057
HD69830,2453785.67419128,30296.244473093,0.220922503502949
HD69830,2453786.75078061,30292.5194370357,0.175483059412777
HD69830,2453786.75579203,30292.1246693647,0.178024844500425
HD69830,2453787.65554494,30293.3940508918,0.170836715880536
HD69830,2453787.66056793,30293.1147071152,0.17244564566243
HD69830,2453788.63861579,30293.8022898205,0.205810864896002
HD69830,2453788.64338416,30294.2417917589,0.177107347474784
HD69830,2453789.61380364,30298.8624030125,0.180259009301562
HD69830,2453789.61878032,30298.4955592175,0.213825449571939
HD69830,2453790.74849849,30302.0171429439,0.196531519785323
HD69830,2453790.75352146,30301.4055662929,0.18324556867788
HD69830,2453809.60439345,30302.4968049139,0.212815726303373
HD69830,2453809.60831683,30301.7076546615,0.202892761100661
HD69830,2453809.61222864,30301.7209072248,0.201736177728745
HD69830,2453810.65837101,30297.3143393957,0.260299422461986
HD69830,2453810.66214394,30297.6143386626,0.237723519487588
HD69830,2453810.6660326,30297.4095320218,0.245662750028633
HD69830,2453811.68304364,30294.2515271116,0.203671618992401
HD69830,2453811.68821694,30294.3062500222,0.215929730088624
HD69830,2453812.64591341,30293.2251445505,0.24639008695895
HD69830,2453812.64981363,30292.7956842196,0.236305726457407
HD69830,2453812.65359813,30293.0371488794,0.238585062121716
HD69830,2453813.63030869,30294.3762488623,0.192318714565957
HD69830,2453813.63556299,30294.2085153301,0.17832484028048
HD69830,2453814.6618991,30292.7666201895,0.212857808192785
HD69830,2453814.66706081,30292.8263874242,0.199903660221007
HD69830,2453815.69393984,30295.3200647991,0.185042262890471
HD69830,2453815.69919413,30295.1608093856,0.183281827829002
HD69830,2453816.63893662,30298.0859537438,0.182515220014758
HD69830,2453816.64414462,30297.533248563,0.176663602412323
HD69830,2453817.6580249,30300.3034756178,0.228731583316969
HD69830,2453817.66317503,30299.7194628365,0.220366706489421
HD69830,2453829.64750926,30298.4835009904,0.186905628560076
HD69830,2453829.65267091,30298.7818444974,0.179381563301606
HD69830,2453830.56085446,30298.2554223316,0.177192969517494
HD69830,2453830.56590037,30298.0764414481,0.182290952028568
HD69830,2453831.59640043,30297.8230215485,0.173504961984379
HD69830,2453831.60143477,30298.2821894987,0.20016798354284
HD69830,2453832.58971523,30300.043725647,0.182673200796589
HD69830,2453832.59474957,30299.7920933798,0.185869499445437
HD69830,2453833.58545984,30303.3804899885,0.162353959921869
HD69830,2453833.59048259,30303.5998638047,0.165406649823448
HD69830,2453834.57166761,30304.0150580591,0.171170787392799
HD69830,2453835.61250019,30304.6253825623,0.216652590318711
HD69830,2453835.61771969,30304.0622830644,0.202767332091308
HD69830,2453836.63758117,30301.3718646648,0.190332048437371
HD69830,2453836.64260392,30301.8425297698,0.18696841930666
HD69830,2453861.57294516,30305.7877891121,0.297357425095314
HD69830,2453861.57646339,30304.765622553,0.312846504899912
HD69830,2453861.57995846,30305.4094983369,0.318390728253817
HD69830,2453862.48894479,30303.8318413819,0.197494802792878
HD69830,2453862.49245144,30303.7480866181,0.197690131447201
HD69830,2453862.49595809,30303.0172853345,0.203571104433122
HD69830,2453863.52243472,30301.0281343063,0.187748445633131
HD69830,2453863.52594137,30301.0809801529,0.191736362619
HD69830,2453863.52944802,30299.9374325832,0.197332279418069
HD69830,2453864.51443524,30299.0024665665,0.244111606832943
HD69830,2453864.51809234,30299.2874957624,0.258957625946762
HD69830,2453864.52166843,30298.7510625988,0.259375621613217
HD69830,2453865.49296485,30297.8013127756,0.191645658392407
HD69830,2453865.49650623,30297.9616434265,0.188191494860567
HD69830,2453865.50001288,30297.357443005,0.189443493804266
HD69830,2453866.48511623,30297.2643052278,0.171569005246888
HD69830,2453866.48859974,30296.6421895129,0.178536466740712
HD69830,2453866.49214111,30296.5416222219,0.188587646979956
HD69830,2453867.52140772,30298.3375109489,0.233048860656091
HD69830,2453867.52484493,30298.5537010882,0.209539319875012
HD69830,2453867.52832844,30299.0125011389,0.224379174772913
HD69830,2453868.49805163,30301.7596167336,0.228753078680191
HD69830,2453868.50155828,30301.3542654355,0.212268217290145
HD69830,2453868.50500707,30300.9678139969,0.2241233101958
HD69830,2453869.54824301,30302.6306126531,0.224105661851675
HD69830,2453869.55176124,30301.5463189371,0.222362809268693
HD69830,2453869.55533733,30301.6317715995,0.224211492395696
HD69830,2453870.4838029,30301.3842202499,0.186175679964446
HD69830,2453870.48903395,30301.3565708566,0.176589634610445
HD69830,2453871.54139017,30299.0746907458,0.213579749595505
HD69830,2453871.54500099,30298.4059168748,0.215696776128899
HD69830,2453871.54847293,30297.9625956329,0.2202911787796
HD69830,2453887.50261558,30301.5571437976,0.353600884048687
HD69830,2453887.50502281,30300.9013310235,0.421553389819847
HD69830,2453887.50756893,30301.0862743996,0.445763423059361
HD69830,2453887.51002245,30301.4387969491,0.366897591501411
HD69830,2453887.51256856,30303.2858664151,0.411966100358832
HD69830,2454075.81428624,30297.0250634774,0.412762018891785
HD69830,2454075.81533956,30297.3495465935,0.404849296746198
HD69830,2454075.81639287,30296.231120408,0.401226207656197
HD69830,2454075.81745776,30294.0992424634,0.4035128686456
HD69830,2454075.81852265,30296.8501848938,0.399348485385662
HD69830,2454075.81957597,30297.2398855338,0.386614211237181
HD69830,2454075.82062929,30295.9795689411,0.384794838684844
HD69830,2454075.8216826,30297.6381852984,0.367799622944715
HD69830,2454075.82273592,30296.5215901905,0.369512899257131
HD69830,2454075.82380081,30295.5952422497,0.366928161555159
HD69830,2454075.82485413,30296.2387367891,0.355416283705669
HD69830,2454075.82589587,30297.4357869555,0.366364802110186
HD69830,2454075.82696076,30296.7033755872,0.361333475113642
HD69830,2454075.82801407,30297.7892183832,0.370536361062166
HD69830,2454075.82907896,30297.926870113,0.372270303559805
HD69830,2454075.8301207,30295.1816799527,0.371962426659949
HD69830,2454075.8311856,30296.8849730182,0.365013829816897
HD69830,2454075.83225049,30298.0771596479,0.358009141419787
HD69830,2454075.83329223,30295.9460272773,0.354477273134624
HD69830,2454075.83434554,30297.7581648349,0.36376898931857
HD69830,2454075.83541043,30296.5205671042,0.358337954400112
HD69830,2454075.83646375,30296.7329927524,0.352061112735765
HD69830,2454075.83751707,30297.9264379727,0.354566738151799
HD69830,2454075.83858196,30296.7829092712,0.35165975876157
HD69830,2454075.83963527,30296.560160907,0.350689616464593
HD69830,2454075.84070016,30297.838915732,0.349275180621222
HD69830,2454075.84175348,30296.7296069132,0.350249843831062
HD69830,2454075.84279522,30297.7956578112,0.353753900753055
HD69830,2454075.84387169,30298.4725267093,0.347028185388586
HD69830,2454075.84491343,30296.1760953374,0.349817345815314
HD69830,2454075.84651076,30298.0345320315,0.344951694933503
HD69830,2454075.84757565,30295.8926805847,0.346520405263172
HD69830,2454075.8486174,30296.4024127059,0.361331338153447
HD69830,2454075.84967071,30296.5065491823,0.349762367979063
HD69830,2454075.85072403,30298.8630296603,0.353500975487031
HD69830,2454075.85178892,30296.7651417163,0.343264531690554
HD69830,2454075.85283066,30298.8324329188,0.351043507415797
HD69830,2454075.85388398,30296.855880328,0.345423187292297
HD69830,2454075.85600218,30296.3051139921,0.34536978497684
HD69830,2454075.85704392,30296.8308472187,0.348666584522406
HD69830,2454075.85809724,30296.8481242491,0.346128797702638
HD69830,2454075.85913898,30296.6526970917,0.370810043676292
HD69830,2454075.86021545,30297.5181814512,0.378219649874492
HD69830,2454078.82983346,30302.961636841,0.221589100212822
HD69830,2454078.83329435,30303.0742618034,0.178219609893511
HD69830,2454078.83720665,30303.1746698057,0.184723884168705
HD69830,2454082.81801744,30297.2398680608,0.207501889422737
HD69830,2454082.82223068,30297.1068096097,0.240429656397473
HD69830,2454114.78725663,30301.2104483714,0.279710000306566
HD69830,2454114.79068264,30300.0900450739,0.268154028139192
HD69830,2454114.7932753,30298.2408346251,0.309844061998052
HD69830,2454114.79569434,30299.4484284256,0.323817320897726
HD69830,2454114.7979282,30300.2641161752,0.308799179759712
HD69830,2454117.75089002,30294.1972264441,0.243032132631681
HD69830,2454117.75492946,30295.0550520951,0.210418790229775
HD69830,2454117.75929297,30296.1320771304,0.221542103303646
HD69830,2454120.74921014,30300.6991750663,0.237298501920078
HD69830,2454120.75316854,30297.7301876292,0.227368961262293
HD69830,2454120.75756676,30298.2964716172,0.190327426300525
HD69830,2454122.74285124,30298.0316931403,0.168704180424243
HD69830,2454122.74836057,30297.6030818206,0.167248421917896
HD69830,2454136.69763978,30296.2529866191,0.206178011189888
HD69830,2454136.70143605,30295.9780992981,0.180704955202339
HD69830,2454136.70526704,30296.0508364495,0.174369594663975
HD69830,2454142.67740731,30295.1354503245,0.202581792961662
HD69830,2454142.68130771,30295.3353735211,0.197850007843082
HD69830,2454142.68506922,30295.1549107267,0.183667171601523
HD69830,2454166.6134576,30296.7216657946,0.160765912388972
HD69830,2454166.61914019,30296.5584149788,0.162358970229255
HD69830,2454168.67554218,30292.1257669065,0.191361216295114
HD69830,2454168.68127105,30292.4341095979,0.187448821603741
HD69830,2454170.62615782,30296.1099504526,0.169387269940008
HD69830,2454170.63162049,30295.2020752722,0.168425568569815
HD69830,2454172.58703474,30301.5210517204,0.1477441152127
HD69830,2454172.59265942,30302.1406635627,0.145098362438317
HD69830,2454174.6110403,30302.7919740516,0.163781451834378
HD69830,2454174.61661868,30302.7655771243,0.166592178260439
HD69830,2454194.54591604,30293.4544112441,0.213548990361542
HD69830,2454194.5485663,30293.3496946959,0.22973883896823
HD69830,2454194.55129758,30293.0563256907,0.235296162534417
HD69830,2454194.55380897,30292.0496819,0.250791087108292
HD69830,2454197.59706118,30296.4205139435,0.206614301931278
HD69830,2454197.60228068,30296.1041834324,0.211959792233212
HD69830,2454199.54261625,30302.3257635796,0.239739247992703
HD69830,2454199.54613449,30301.2867224003,0.218493476483121
HD69830,2454199.5495833,30301.403331283,0.21712560275092
HD69830,2454202.53256549,30297.0921858423,0.226178859621028
HD69830,2454202.53613002,30296.827060484,0.22561417924205
HD69830,2454202.53957882,30297.4960004502,0.23743254509247
HD69830,2454225.56409332,30300.6180720151,0.32399294324556
HD69830,2454225.566813,30300.5875802753,0.35405372863068
HD69830,2454225.56950953,30300.9331334726,0.332118571774498
HD69830,2454225.57222921,30300.2968358135,0.317173777940388
HD69830,2454228.53996656,30294.0985498387,0.199414104465369
HD69830,2454228.54510502,30294.1294105537,0.2113016526261
HD69830,2454232.50822414,30300.0983462036,0.355699209168821
HD69830,2454232.51296912,30300.0950762647,0.220555560072165
HD69830,2454234.53444576,30303.7088782494,0.233694179018947
HD69830,2454234.53961895,30303.2324175512,0.238880621988184
HD69830,2454419.85182117,30293.0381642172,0.177109486763729
HD69830,2454419.85557149,30293.8068950124,0.17163693668006
HD69830,2454419.85940283,30293.5779117204,0.172065065876281
HD69830,2454420.82106879,30295.6805114239,0.174381904497019
HD69830,2454420.82490013,30295.2411174595,0.179593399135921
HD69830,2454420.82873147,30295.8207621843,0.181434670005901
HD69830,2454421.82785393,30298.4769589557,0.170335797899945
HD69830,2454421.83160424,30298.493182484,0.17385189267728
HD69830,2454421.83548188,30297.9124674097,0.173953437047993
HD69830,2454422.80993758,30300.5058685054,0.196316252232098
HD69830,2454422.81369946,30299.8104819302,0.192283784944766
HD69830,2454422.8175771,30300.0904652604,0.192955313537791
HD69830,2454423.85597286,30301.0535674026,0.264673355052761
HD69830,2454423.85963057,30301.5370045035,0.257366867233136
HD69830,2454423.86349663,30301.9500622464,0.263206621052917
HD69830,2454424.80411773,30303.4098805984,0.185624432930173
HD69830,2454424.80958114,30303.3934456359,0.178985075858169
HD69830,2454425.79049449,30303.6503527076,0.201572157826218
HD69830,2454425.79606207,30302.7314699163,0.193524086626357
HD69830,2454426.80200014,30302.1040052168,0.151920943402315
HD69830,2454426.80756772,30302.0917543451,0.150147618870322
HD69830,2454427.79776328,30298.8067581545,0.11301119506351
HD69830,2454428.83888833,30297.7920777524,0.118992974431167
HD69830,2454429.78918384,30298.6737356021,0.147059223759127
HD69830,2454446.82235522,30295.5298923437,0.305039276311414
HD69830,2454446.82495956,30295.2135633467,0.308952887875946
HD69830,2454446.82708933,30294.6607370483,0.32360091365554
HD69830,2454446.82920753,30295.1291283742,0.306507111642528
HD69830,2454446.83125628,30295.3481523329,0.305655136823618
HD69830,2454448.82731263,30298.0724296472,0.305062175260457
HD69830,2454448.8293961,30299.3218081705,0.303720288968076
HD69830,2454448.83153744,30299.0087791559,0.31260179530723
HD69830,2454448.83359776,30297.1449431595,0.300404965138646
HD69830,2454448.83571595,30299.4769423884,0.322239571988634
HD69830,2454450.81951059,30306.0946553472,0.309731300160207
HD69830,2454450.82515909,30302.2039590996,0.30930640287877
HD69830,2454450.82806436,30300.7460502307,0.30900214646247
HD69830,2454450.83083074,30300.5829781381,0.314437056551435
HD69830,2454453.82564221,30297.6315200143,0.241493864216194
HD69830,2454453.82832756,30297.0674584968,0.240558938746291
HD69830,2454453.8310129,30296.9708768955,0.244279229689273
HD69830,2454453.83370982,30297.7559517751,0.23560483905951
HD69830,2454479.76258339,30293.6288922354,0.219786564184093
HD69830,2454479.76642608,30294.3323721666,0.205559257011822
HD69830,2454479.7702572,30295.0184130024,0.203323728394492
HD69830,2454481.79481998,30293.567534921,0.184063848247079
HD69830,2454481.79859321,30293.0080925552,0.195774626119869
HD69830,2454481.80247062,30293.4455378899,0.194523200830734
HD69830,2454483.69871467,30298.6695473452,0.182712673371917
HD69830,2454483.70247632,30297.760051643,0.176792923953322
HD69830,2454483.70628427,30298.6051797912,0.18655844461785
HD69830,2454524.66092719,30295.8888103107,0.168224218351271
HD69830,2454524.66656354,30296.5631173002,0.165212501784322
HD69830,2454551.68268092,30297.7320495785,0.392736681861043
HD69830,2454551.68444006,30297.5491286591,0.383883926161615
HD69830,2454551.6861992,30299.0940998931,0.436896620021586
HD69830,2454551.68794676,30297.7356121423,0.418106176412387
HD69830,2454551.68971747,30297.4923269051,0.431459661863942
HD69830,2454552.63648039,30299.006883528,0.128963744955303
HD69830,2454553.58681871,30302.0992997671,0.296223609965017
HD69830,2454553.58939954,30301.9969872941,0.300640221072661
HD69830,2454553.59210769,30301.6144974569,0.306672467715613
HD69830,2454553.59479268,30301.7318376039,0.316298423916039
HD69830,2454932.55966541,30296.7440446117,0.112815142992809
HD69830,2454934.52596668,30300.773909527,0.136797531975378
HD69830,2454937.5251568,30298.4047115351,0.146348054111878
HD69830,2454939.53503853,30295.554574434,0.148653075679415
HD69830,2454947.49831095,30293.0244400399,0.226600315344017
HD69830,2454947.5021185,30293.5651559688,0.229138799678528
HD69830,2454947.50603021,30292.9306731216,0.22843428981474
HD69830,2454948.48715148,30291.7734089901,0.181504589824771
HD69830,2454948.49132937,30291.3428170214,0.171808178204065
HD69830,2454948.49518322,30292.4819025413,0.176155604715374
HD69830,2454949.50013341,30291.3221317702,0.266364280868736
HD69830,2454949.5040104,30290.655338106,0.268961534785465
HD69830,2454949.50788739,30289.8980299921,0.266419737310955
HD69830,2454950.5502765,30291.9274879335,0.195078048356509
HD69830,2454950.55410719,30291.201404614,0.200201983222769
HD69830,2454950.55798418,30292.0831639338,0.199851078473201
HD69830,2454951.52511339,30297.7396075242,0.308548676988751
HD69830,2454951.52899037,30296.879044472,0.322931287335439
HD69830,2454951.53286736,30296.4106438415,0.350324959535091
HD69830,2454952.52521434,30298.4860578829,0.196415230788921
HD69830,2454952.52905661,30297.0107331259,0.196629417208183
HD69830,2454952.53296831,30296.5468985785,0.195112446972819
HD69830,2454953.53389097,30298.7153001148,0.16123644237032
HD69830,2454953.53897156,30299.5961164341,0.170788401048691
HD69830,2454954.53984796,30298.1261693775,0.161024253004478
HD69830,2454954.54489383,30297.3274446994,0.165013930108048
HD69830,2454955.51101628,30294.7118459836,0.187712197115111
HD69830,2454955.51563394,30294.4876894082,0.195426157621636
HD69830,2454956.53669398,30293.1131917988,0.267495834588572
HD69830,2454956.5418903,30293.9425540237,0.287708651394093
HD69830,2454959.54923095,30298.3437824828,0.37224530461756
HD69830,2454959.55307322,30297.1041002188,0.371419346936714
HD69830,2454959.55693864,30297.0471428991,0.401565521151903
HD69830,2454988.46361255,30301.9377981374,0.244242871436687
HD69830,2454988.46752431,30302.6423253035,0.238178711655718
HD69830,2454988.47133192,30302.061210458,0.239793430275003
HD69830,2454989.44999166,30300.5942466891,0.282961503365863
HD69830,2454989.45389186,30300.1576081414,0.259874355466207
HD69830,2454989.45769947,30301.225091852,0.244606110027012
HD69830,2454990.46314061,30297.9467457922,0.24973548038124
HD69830,2454990.46705239,30298.3300027018,0.237491445912579
HD69830,2454990.47079056,30297.1037195938,0.237095480831513
HD69830,2454992.46541493,30295.1234763194,0.207033319500756
HD69830,2454992.47120158,30295.1731628327,0.208186702243053
HD69830,2455111.88319506,30289.9423285664,0.123929613909908
HD69830,2455115.88016152,30293.0480976536,0.193870287640377
HD69830,2455121.86775086,30295.8957411768,0.228592486747166
HD69830,2455121.87331845,30295.2583713324,0.21822867069016
HD69830,2455124.87052217,30300.1519696938,0.203406191691984
HD69830,2455124.87547629,30300.6482749064,0.186553172577118
HD69830,2455126.85416007,30303.040061754,0.236137145639607
HD69830,2455126.85800299,30303.9012058739,0.240346105289654
HD69830,2455126.86188063,30303.7330277885,0.23626919922491
HD69830,2455129.87289811,30297.0386281016,0.252281240260752
HD69830,2455129.87618543,30296.7211755972,0.230552591987573
HD69830,2455129.87947274,30297.2065991639,0.22353161976197
HD69830,2455133.8780531,30297.6666249879,0.287686070095299
HD69830,2455133.88363228,30297.5103083084,0.260103537830457
HD69830,2455135.87475122,30297.756396939,0.158999332247026
HD69830,2455135.8802841,30298.1045150899,0.177855283234729
HD69830,2455138.88157063,30290.2658243096,0.143544463931914
HD69830,2455140.86702962,30290.5507000324,0.164152735877947
HD69830,2455140.8725625,30290.9658875803,0.167006164055555
HD69830,2455143.83098606,30296.7807496868,0.182463281653463
HD69830,2455143.83627586,30296.2635631242,0.175564515875744
HD69830,2455223.76745235,30302.6917608722,0.312187563841334
HD69830,2455223.76983662,30302.9013499416,0.305077308683894
HD69830,2455223.77231349,30302.5417238788,0.313499312391429
HD69830,2455223.7747672,30301.7533545306,0.315804088877601
HD69830,2455225.70888409,30297.272228018,0.326255727280613
HD69830,2455225.71149983,30296.5416324961,0.329300520409673
HD69830,2455225.71413873,30296.9897342423,0.346956276353657
HD69830,2455225.71699753,30298.2068493449,0.36299750380172
HD69830,2455241.72939613,30297.6629692336,0.295351424835412
HD69830,2455241.7329493,30297.6183710138,0.28982980939924
HD69830,2455241.73647932,30297.5644886288,0.299470573320184
HD69830,2455243.77160702,30296.3971007991,0.23668823216856
HD69830,2455243.77544952,30296.43376896,0.217080097918938
HD69830,2455243.77929202,30297.3768070203,0.228394032212171
HD69830,2455244.75159436,30299.7642138981,0.221261867953575
HD69830,2455244.75576092,30298.8392624218,0.231611618504334
HD69830,2455244.75986962,30298.7365101325,0.236836095770755
HD69830,2455246.72760615,30305.9087367219,0.185931140065894
HD69830,2455246.73336988,30305.5107376909,0.192201781950943
